attr_value,b_sage_cover,b_shrub_cover,b_forb_cover_arid,b_forb_cover_mesic,b_forb_rich_arid,b_forb_rich_mesic,s_forb_cover_arid,s_forb_cover_mesic,s_forb_cover_meadow,s_forb_rich_arid,s_forb_rich_mesic,s_grass_cover_arid,s_grass_cover_mesic,s_grass_cover_meadow,w_sage_height_big,w_sage_height_low,w_sage_cover_big,w_sage_cover_low,brotec_cover,s_dist_sage_altered,s_dist_sage_unaltered
0,0,0,0,0,0,0,0,0,0,0,0,0.25,0.25,0,0,0,0,0,1,1,1
1,0,0,0,0,0.3,0,0,0,0,0.3,0,0.25,0.25,0,0,0,0,0,1,1,1
2,0,0,0.4,0.14,0.6,0.25,0.4,0.16,0.11,0.6,0.25,0.25,0.25,0,0,0,0,0,1,1,1
3,0,0,0.7,0.25,0.75,0.45,0.7,0.36,0.2,0.75,0.45,0.33,0.25,0,0,0,0,0,1,1,1
4,0,0,0.9,0.35,0.9,0.65,0.9,0.52,0.29,0.9,0.67,0.4,0.25,0,0,0,0,0,1,1,1
5,0,0,1,0.44,1,0.8,1,0.65,0.37,1,0.81,0.48,0.32,0,0,0,0,0,1,1,1
6,0,0,1,0.52,1,0.92,1,0.73,0.44,1,0.92,0.56,0.37,0,0,0,0,0,0.9,1,1
7,0,0,1,0.58,1,1,1,0.82,0.51,1,1,0.63,0.44,0,0,0,0,0,0.81,1,1
8,0,0,1,0.64,1,1,1,0.87,0.57,1,1,0.7,0.51,0,0,0,0,0,0.74,1,1
9,0,0,1,0.7,1,1,1,0.91,0.63,1,1,0.77,0.58,0,0,0,0,0,0.68,1,1
10,0.16,0.06,1,0.76,1,1,1,0.95,0.68,1,1,0.83,0.63,0,0,0,0.16,0.25,0.61,1,1
11,0.36,0.2,1,0.81,1,1,1,0.98,0.73,1,1,0.87,0.68,0,0,0,0.36,0.48,0.56,1,1
12,0.52,0.3,1,0.85,1,1,1,1,0.77,1,1,0.92,0.73,0,0,0,0.52,0.67,0.5,1,1
13,0.65,0.36,1,0.89,1,1,1,1,0.81,1,1,0.96,0.77,0,0,0,0.65,0.81,0.45,1,1
14,0.73,0.44,1,0.93,1,1,1,1,0.85,1,1,0.98,0.81,0,0,0,0.75,0.92,0.4,1,1
15,0.8,0.52,1,0.97,1,1,1,1,0.89,1,1,1,0.84,0,0,0.16,0.82,1,0.36,1,1
16,0.85,0.58,1,1,1,1,1,1,0.93,1,1,1,0.87,0,0,0.36,0.87,1,0.32,1,1
17,0.9,0.64,1,1,1,1,1,1,0.96,1,1,1,0.89,0,0,0.52,0.91,1,0.29,1,1
18,0.94,0.68,1,1,1,1,1,1,0.98,1,1,1,0.91,0,0,0.65,0.95,1,0.26,1,1
19,0.98,0.72,1,1,1,1,1,1,0.99,1,1,1,0.93,0,0,0.74,0.98,1,0.23,1,1
20,1,0.75,1,1,1,1,1,1,1,1,1,1,0.95,0,0,0.81,1,1,0.2,1,1
21,1,0.78,1,1,1,1,1,1,1,1,1,1,0.96,0,0,0.86,1,1,0.17,1,1
22,1,0.8,1,1,1,1,1,1,1,1,1,1,0.97,0,0,0.91,1,1,0.14,1,1
23,1,0.82,1,1,1,1,1,1,1,1,1,1,0.98,0,0,0.95,1,1,0.12,1,1
24,1,0.84,1,1,1,1,1,1,1,1,1,1,0.99,0,0,0.98,1,1,0.1,1,1
25,1,0.86,1,1,1,1,1,1,1,1,1,1,1,0.07,0.05,1,1,1,0.08,1,1
26,1,0.88,1,1,1,1,1,1,1,1,1,1,1,0.14,0.11,1,1,1,0.06,1,1
27,1,0.9,1,1,1,1,1,1,1,1,1,1,1,0.2,0.17,1,1,1,0.04,1,1
28,1,0.91,1,1,1,1,1,1,1,1,1,1,1,0.26,0.22,1,1,1,0.025,1,1
29,1,0.93,1,1,1,1,1,1,1,1,1,1,1,0.32,0.27,1,1,1,0.01,1,1
30,1,0.95,1,1,1,1,1,1,1,1,1,1,1,0.38,0.32,1,1,1,0,1,1
31,1,0.96,1,1,1,1,1,1,1,1,1,1,1,0.43,0.37,1,1,1,0,1,1
32,1,0.97,1,1,1,1,1,1,1,1,1,1,1,0.48,0.42,1,1,1,0,1,1
33,1,0.98,1,1,1,1,1,1,1,1,1,1,1,0.53,0.47,1,1,1,0,1,1
34,1,0.99,1,1,1,1,1,1,1,1,1,1,1,0.57,0.51,1,1,1,0,1,1
35,1,1,1,1,1,1,1,1,1,1,1,1,1,0.61,0.55,1,1,1,0,1,1
36,1,1,1,1,1,1,1,1,1,1,1,1,1,0.65,0.59,1,1,1,0,1,1
37,1,1,1,1,1,1,1,1,1,1,1,1,1,0.68,0.63,1,1,1,0,1,1
38,1,1,1,1,1,1,1,1,1,1,1,1,1,0.72,0.66,1,1,1,0,1,1
39,1,1,1,1,1,1,1,1,1,1,1,1,1,0.75,0.68,1,1,1,0,1,1
40,1,1,1,1,1,1,1,1,1,1,1,1,1,0.78,0.71,1,1,1,0,1,1
41,1,1,1,1,1,1,1,1,1,1,1,1,1,0.81,0.74,1,1,1,0,1,1
42,1,1,1,1,1,1,1,1,1,1,1,1,1,0.84,0.76,1,1,1,0,1,1
43,1,1,1,1,1,1,1,1,1,1,1,1,1,0.86,0.78,1,1,1,0,1,1
44,1,1,1,1,1,1,1,1,1,1,1,1,1,0.88,0.8,1,1,1,0,1,1
45,1,1,1,1,1,1,1,1,1,1,1,1,1,0.9,0.82,1,1,1,0,1,1
46,1,1,1,1,1,1,1,1,1,1,1,1,1,0.92,0.84,1,1,1,0,1,1
47,1,1,1,1,1,1,1,1,1,1,1,1,1,0.93,0.86,1,1,1,0,1,1
48,1,1,1,1,1,1,1,1,1,1,1,1,1,0.94,0.88,1,1,1,0,1,1
49,1,1,1,1,1,1,1,1,1,1,1,1,1,0.95,0.89,1,1,1,0,1,1
50,1,1,1,1,1,1,1,1,1,1,1,1,1,0.96,0.9,1,1,1,0,1,1
51,1,1,1,1,1,1,1,1,1,1,1,1,1,0.97,0.91,1,1,1,0,1,1
52,1,1,1,1,1,1,1,1,1,1,1,1,1,0.98,0.92,1,1,1,0,1,1
53,1,1,1,1,1,1,1,1,1,1,1,1,1,0.99,0.93,1,1,1,0,1,1
54,1,1,1,1,1,1,1,1,1,1,1,1,1,0.99,0.94,1,1,1,0,1,1
55,1,1,1,1,1,1,1,1,1,1,1,1,1,1,0.95,1,1,1,0,1,1
56,1,1,1,1,1,1,1,1,1,1,1,1,1,1,0.96,1,1,1,0,1,1
57,1,1,1,1,1,1,1,1,1,1,1,1,1,1,0.97,1,1,1,0,1,1
58,1,1,1,1,1,1,1,1,1,1,1,1,1,1,0.98,1,1,1,0,1,1
59,1,1,1,1,1,1,1,1,1,1,1,1,1,1,0.99,1,1,1,0,1,1
60,1,1,1,1,1,1,1,1,1,1,1,1,1,1,1,1,1,1,0,1,1
61,1,1,1,1,1,1,1,1,1,1,1,1,1,1,1,1,1,1,0,0.996667,1
62,1,1,1,1,1,1,1,1,1,1,1,1,1,1,1,1,1,1,0,0.993334,1
63,1,1,1,1,1,1,1,1,1,1,1,1,1,1,1,1,1,1,0,0.990001,1
64,1,1,1,1,1,1,1,1,1,1,1,1,1,1,1,1,1,1,0,0.986668,1
65,1,1,1,1,1,1,1,1,1,1,1,1,1,1,1,1,1,1,0,0.983335,1
66,1,1,1,1,1,1,1,1,1,1,1,1,1,1,1,1,1,1,0,0.980002,1
67,1,1,1,1,1,1,1,1,1,1,1,1,1,1,1,1,1,1,0,0.976669,1
68,1,1,1,1,1,1,1,1,1,1,1,1,1,1,1,1,1,1,0,0.973336,1
69,1,1,1,1,1,1,1,1,1,1,1,1,1,1,1,1,1,1,0,0.970003,1
70,1,1,1,1,1,1,1,1,1,1,1,1,1,1,1,1,1,1,0,0.96667,1
71,1,1,1,1,1,1,1,1,1,1,1,1,1,1,1,1,1,1,0,0.963337,1
72,1,1,1,1,1,1,1,1,1,1,1,1,1,1,1,1,1,1,0,0.960004,1
73,1,1,1,1,1,1,1,1,1,1,1,1,1,1,1,1,1,1,0,0.956671,1
74,1,1,1,1,1,1,1,1,1,1,1,1,1,1,1,1,1,1,0,0.953338,1
75,1,1,1,1,1,1,1,1,1,1,1,1,1,1,1,1,1,1,0,0.950005,1
76,1,1,1,1,1,1,1,1,1,1,1,1,1,1,1,1,1,1,0,0.946672,1
77,1,1,1,1,1,1,1,1,1,1,1,1,1,1,1,1,1,1,0,0.943339,1
78,1,1,1,1,1,1,1,1,1,1,1,1,1,1,1,1,1,1,0,0.940006,1
79,1,1,1,1,1,1,1,1,1,1,1,1,1,1,1,1,1,1,0,0.936673,1
80,1,1,1,1,1,1,1,1,1,1,1,1,1,1,1,1,1,1,0,0.93334,1
81,1,1,1,1,1,1,1,1,1,1,1,1,1,1,1,1,1,1,0,0.930007,1
82,1,1,1,1,1,1,1,1,1,1,1,1,1,1,1,1,1,1,0,0.926674,1
83,1,1,1,1,1,1,1,1,1,1,1,1,1,1,1,1,1,1,0,0.923341,1
84,1,1,1,1,1,1,1,1,1,1,1,1,1,1,1,1,1,1,0,0.920008,1
85,1,1,1,1,1,1,1,1,1,1,1,1,1,1,1,1,1,1,0,0.916675,1
86,1,1,1,1,1,1,1,1,1,1,1,1,1,1,1,1,1,1,0,0.913342,1
87,1,1,1,1,1,1,1,1,1,1,1,1,1,1,1,1,1,1,0,0.910009,1
88,1,1,1,1,1,1,1,1,1,1,1,1,1,1,1,1,1,1,0,0.906676,1
89,1,1,1,1,1,1,1,1,1,1,1,1,1,1,1,1,1,1,0,0.903343,1
90,1,1,1,1,1,1,1,1,1,1,1,1,1,1,1,1,1,1,0,0.90001,1
91,1,1,1,1,1,1,1,1,1,1,1,1,1,1,1,1,1,1,0,0.896677,1
92,1,1,1,1,1,1,1,1,1,1,1,1,1,1,1,1,1,1,0,0.893344,1
93,1,1,1,1,1,1,1,1,1,1,1,1,1,1,1,1,1,1,0,0.890011,1
94,1,1,1,1,1,1,1,1,1,1,1,1,1,1,1,1,1,1,0,0.886678,1
95,1,1,1,1,1,1,1,1,1,1,1,1,1,1,1,1,1,1,0,0.883345,1
96,1,1,1,1,1,1,1,1,1,1,1,1,1,1,1,1,1,1,0,0.880012,1
97,1,1,1,1,1,1,1,1,1,1,1,1,1,1,1,1,1,1,0,0.876679,1
98,1,1,1,1,1,1,1,1,1,1,1,1,1,1,1,1,1,1,0,0.873346,1
99,1,1,1,1,1,1,1,1,1,1,1,1,1,1,1,1,1,1,0,0.870013,1
100,1,1,1,1,1,1,1,1,1,1,1,1,1,1,1,1,1,1,0,0.86668,1
101,#N/A,#N/A,#N/A,#N/A,1,1,#N/A,#N/A,#N/A,1,1,#N/A,#N/A,#N/A,1,1,#N/A,#N/A,#N/A,0.863347,1
102,#N/A,#N/A,#N/A,#N/A,1,1,#N/A,#N/A,#N/A,1,1,#N/A,#N/A,#N/A,1,1,#N/A,#N/A,#N/A,0.860014,1
103,#N/A,#N/A,#N/A,#N/A,1,1,#N/A,#N/A,#N/A,1,1,#N/A,#N/A,#N/A,1,1,#N/A,#N/A,#N/A,0.856681,1
104,#N/A,#N/A,#N/A,#N/A,1,1,#N/A,#N/A,#N/A,1,1,#N/A,#N/A,#N/A,1,1,#N/A,#N/A,#N/A,0.853348,1
105,#N/A,#N/A,#N/A,#N/A,1,1,#N/A,#N/A,#N/A,1,1,#N/A,#N/A,#N/A,1,1,#N/A,#N/A,#N/A,0.850015,1
106,#N/A,#N/A,#N/A,#N/A,1,1,#N/A,#N/A,#N/A,1,1,#N/A,#N/A,#N/A,1,1,#N/A,#N/A,#N/A,0.846682,1
107,#N/A,#N/A,#N/A,#N/A,1,1,#N/A,#N/A,#N/A,1,1,#N/A,#N/A,#N/A,1,1,#N/A,#N/A,#N/A,0.843349,1
108,#N/A,#N/A,#N/A,#N/A,1,1,#N/A,#N/A,#N/A,1,1,#N/A,#N/A,#N/A,1,1,#N/A,#N/A,#N/A,0.840016,1
109,#N/A,#N/A,#N/A,#N/A,1,1,#N/A,#N/A,#N/A,1,1,#N/A,#N/A,#N/A,1,1,#N/A,#N/A,#N/A,0.836683,1
110,#N/A,#N/A,#N/A,#N/A,1,1,#N/A,#N/A,#N/A,1,1,#N/A,#N/A,#N/A,1,1,#N/A,#N/A,#N/A,0.83335,1
111,#N/A,#N/A,#N/A,#N/A,1,1,#N/A,#N/A,#N/A,1,1,#N/A,#N/A,#N/A,1,1,#N/A,#N/A,#N/A,0.830017,1
112,#N/A,#N/A,#N/A,#N/A,1,1,#N/A,#N/A,#N/A,1,1,#N/A,#N/A,#N/A,1,1,#N/A,#N/A,#N/A,0.826684,1
113,#N/A,#N/A,#N/A,#N/A,1,1,#N/A,#N/A,#N/A,1,1,#N/A,#N/A,#N/A,1,1,#N/A,#N/A,#N/A,0.823351,1
114,#N/A,#N/A,#N/A,#N/A,1,1,#N/A,#N/A,#N/A,1,1,#N/A,#N/A,#N/A,1,1,#N/A,#N/A,#N/A,0.820018,1
115,#N/A,#N/A,#N/A,#N/A,1,1,#N/A,#N/A,#N/A,1,1,#N/A,#N/A,#N/A,1,1,#N/A,#N/A,#N/A,0.816685,1
116,#N/A,#N/A,#N/A,#N/A,1,1,#N/A,#N/A,#N/A,1,1,#N/A,#N/A,#N/A,1,1,#N/A,#N/A,#N/A,0.813352,1
117,#N/A,#N/A,#N/A,#N/A,1,1,#N/A,#N/A,#N/A,1,1,#N/A,#N/A,#N/A,1,1,#N/A,#N/A,#N/A,0.810019,1
118,#N/A,#N/A,#N/A,#N/A,1,1,#N/A,#N/A,#N/A,1,1,#N/A,#N/A,#N/A,1,1,#N/A,#N/A,#N/A,0.806686,1
119,#N/A,#N/A,#N/A,#N/A,1,1,#N/A,#N/A,#N/A,1,1,#N/A,#N/A,#N/A,1,1,#N/A,#N/A,#N/A,0.803353,1
120,#N/A,#N/A,#N/A,#N/A,1,1,#N/A,#N/A,#N/A,1,1,#N/A,#N/A,#N/A,1,1,#N/A,#N/A,#N/A,0.80002,1
121,#N/A,#N/A,#N/A,#N/A,1,1,#N/A,#N/A,#N/A,1,1,#N/A,#N/A,#N/A,1,1,#N/A,#N/A,#N/A,0.796687,1
122,#N/A,#N/A,#N/A,#N/A,1,1,#N/A,#N/A,#N/A,1,1,#N/A,#N/A,#N/A,1,1,#N/A,#N/A,#N/A,0.793354,1
123,#N/A,#N/A,#N/A,#N/A,1,1,#N/A,#N/A,#N/A,1,1,#N/A,#N/A,#N/A,1,1,#N/A,#N/A,#N/A,0.790021,1
124,#N/A,#N/A,#N/A,#N/A,1,1,#N/A,#N/A,#N/A,1,1,#N/A,#N/A,#N/A,1,1,#N/A,#N/A,#N/A,0.786688,1
125,#N/A,#N/A,#N/A,#N/A,1,1,#N/A,#N/A,#N/A,1,1,#N/A,#N/A,#N/A,1,1,#N/A,#N/A,#N/A,0.783355,1
126,#N/A,#N/A,#N/A,#N/A,1,1,#N/A,#N/A,#N/A,1,1,#N/A,#N/A,#N/A,1,1,#N/A,#N/A,#N/A,0.780022,1
127,#N/A,#N/A,#N/A,#N/A,1,1,#N/A,#N/A,#N/A,1,1,#N/A,#N/A,#N/A,1,1,#N/A,#N/A,#N/A,0.776689,1
128,#N/A,#N/A,#N/A,#N/A,1,1,#N/A,#N/A,#N/A,1,1,#N/A,#N/A,#N/A,1,1,#N/A,#N/A,#N/A,0.773356,1
129,#N/A,#N/A,#N/A,#N/A,1,1,#N/A,#N/A,#N/A,1,1,#N/A,#N/A,#N/A,1,1,#N/A,#N/A,#N/A,0.770023,1
130,#N/A,#N/A,#N/A,#N/A,1,1,#N/A,#N/A,#N/A,1,1,#N/A,#N/A,#N/A,1,1,#N/A,#N/A,#N/A,0.76669,1
131,#N/A,#N/A,#N/A,#N/A,1,1,#N/A,#N/A,#N/A,1,1,#N/A,#N/A,#N/A,1,1,#N/A,#N/A,#N/A,0.763357,1
132,#N/A,#N/A,#N/A,#N/A,1,1,#N/A,#N/A,#N/A,1,1,#N/A,#N/A,#N/A,1,1,#N/A,#N/A,#N/A,0.760024,1
133,#N/A,#N/A,#N/A,#N/A,1,1,#N/A,#N/A,#N/A,1,1,#N/A,#N/A,#N/A,1,1,#N/A,#N/A,#N/A,0.756691,1
134,#N/A,#N/A,#N/A,#N/A,1,1,#N/A,#N/A,#N/A,1,1,#N/A,#N/A,#N/A,1,1,#N/A,#N/A,#N/A,0.753358,1
135,#N/A,#N/A,#N/A,#N/A,1,1,#N/A,#N/A,#N/A,1,1,#N/A,#N/A,#N/A,1,1,#N/A,#N/A,#N/A,0.750025,1
136,#N/A,#N/A,#N/A,#N/A,1,1,#N/A,#N/A,#N/A,1,1,#N/A,#N/A,#N/A,1,1,#N/A,#N/A,#N/A,0.746692,1
137,#N/A,#N/A,#N/A,#N/A,1,1,#N/A,#N/A,#N/A,1,1,#N/A,#N/A,#N/A,1,1,#N/A,#N/A,#N/A,0.743359,1
138,#N/A,#N/A,#N/A,#N/A,1,1,#N/A,#N/A,#N/A,1,1,#N/A,#N/A,#N/A,1,1,#N/A,#N/A,#N/A,0.740026,1
139,#N/A,#N/A,#N/A,#N/A,1,1,#N/A,#N/A,#N/A,1,1,#N/A,#N/A,#N/A,1,1,#N/A,#N/A,#N/A,0.736693,1
140,#N/A,#N/A,#N/A,#N/A,1,1,#N/A,#N/A,#N/A,1,1,#N/A,#N/A,#N/A,1,1,#N/A,#N/A,#N/A,0.73336,1
141,#N/A,#N/A,#N/A,#N/A,1,1,#N/A,#N/A,#N/A,1,1,#N/A,#N/A,#N/A,1,1,#N/A,#N/A,#N/A,0.730027,1
142,#N/A,#N/A,#N/A,#N/A,1,1,#N/A,#N/A,#N/A,1,1,#N/A,#N/A,#N/A,1,1,#N/A,#N/A,#N/A,0.726694,1
143,#N/A,#N/A,#N/A,#N/A,1,1,#N/A,#N/A,#N/A,1,1,#N/A,#N/A,#N/A,1,1,#N/A,#N/A,#N/A,0.723361,1
144,#N/A,#N/A,#N/A,#N/A,1,1,#N/A,#N/A,#N/A,1,1,#N/A,#N/A,#N/A,1,1,#N/A,#N/A,#N/A,0.720028,1
145,#N/A,#N/A,#N/A,#N/A,1,1,#N/A,#N/A,#N/A,1,1,#N/A,#N/A,#N/A,1,1,#N/A,#N/A,#N/A,0.716695,1
146,#N/A,#N/A,#N/A,#N/A,1,1,#N/A,#N/A,#N/A,1,1,#N/A,#N/A,#N/A,1,1,#N/A,#N/A,#N/A,0.713362,1
147,#N/A,#N/A,#N/A,#N/A,1,1,#N/A,#N/A,#N/A,1,1,#N/A,#N/A,#N/A,1,1,#N/A,#N/A,#N/A,0.710029,1
148,#N/A,#N/A,#N/A,#N/A,1,1,#N/A,#N/A,#N/A,1,1,#N/A,#N/A,#N/A,1,1,#N/A,#N/A,#N/A,0.706696,1
149,#N/A,#N/A,#N/A,#N/A,1,1,#N/A,#N/A,#N/A,1,1,#N/A,#N/A,#N/A,1,1,#N/A,#N/A,#N/A,0.703363,1
150,#N/A,#N/A,#N/A,#N/A,1,1,#N/A,#N/A,#N/A,1,1,#N/A,#N/A,#N/A,1,1,#N/A,#N/A,#N/A,0.70003,1
151,#N/A,#N/A,#N/A,#N/A,1,1,#N/A,#N/A,#N/A,1,1,#N/A,#N/A,#N/A,1,1,#N/A,#N/A,#N/A,0.696697,1
152,#N/A,#N/A,#N/A,#N/A,1,1,#N/A,#N/A,#N/A,1,1,#N/A,#N/A,#N/A,1,1,#N/A,#N/A,#N/A,0.693364,1
153,#N/A,#N/A,#N/A,#N/A,1,1,#N/A,#N/A,#N/A,1,1,#N/A,#N/A,#N/A,1,1,#N/A,#N/A,#N/A,0.690031,1
154,#N/A,#N/A,#N/A,#N/A,1,1,#N/A,#N/A,#N/A,1,1,#N/A,#N/A,#N/A,1,1,#N/A,#N/A,#N/A,0.686698,1
155,#N/A,#N/A,#N/A,#N/A,1,1,#N/A,#N/A,#N/A,1,1,#N/A,#N/A,#N/A,1,1,#N/A,#N/A,#N/A,0.683365,1
156,#N/A,#N/A,#N/A,#N/A,1,1,#N/A,#N/A,#N/A,1,1,#N/A,#N/A,#N/A,1,1,#N/A,#N/A,#N/A,0.680032,1
157,#N/A,#N/A,#N/A,#N/A,1,1,#N/A,#N/A,#N/A,1,1,#N/A,#N/A,#N/A,1,1,#N/A,#N/A,#N/A,0.676699,1
158,#N/A,#N/A,#N/A,#N/A,1,1,#N/A,#N/A,#N/A,1,1,#N/A,#N/A,#N/A,1,1,#N/A,#N/A,#N/A,0.673366,1
159,#N/A,#N/A,#N/A,#N/A,1,1,#N/A,#N/A,#N/A,1,1,#N/A,#N/A,#N/A,1,1,#N/A,#N/A,#N/A,0.670033,1
160,#N/A,#N/A,#N/A,#N/A,1,1,#N/A,#N/A,#N/A,1,1,#N/A,#N/A,#N/A,1,1,#N/A,#N/A,#N/A,0.6667,1
161,#N/A,#N/A,#N/A,#N/A,1,1,#N/A,#N/A,#N/A,1,1,#N/A,#N/A,#N/A,1,1,#N/A,#N/A,#N/A,0.663367,1
162,#N/A,#N/A,#N/A,#N/A,1,1,#N/A,#N/A,#N/A,1,1,#N/A,#N/A,#N/A,1,1,#N/A,#N/A,#N/A,0.660034,1
163,#N/A,#N/A,#N/A,#N/A,1,1,#N/A,#N/A,#N/A,1,1,#N/A,#N/A,#N/A,1,1,#N/A,#N/A,#N/A,0.656701,1
164,#N/A,#N/A,#N/A,#N/A,1,1,#N/A,#N/A,#N/A,1,1,#N/A,#N/A,#N/A,1,1,#N/A,#N/A,#N/A,0.653368,1
165,#N/A,#N/A,#N/A,#N/A,1,1,#N/A,#N/A,#N/A,1,1,#N/A,#N/A,#N/A,1,1,#N/A,#N/A,#N/A,0.650035,1
166,#N/A,#N/A,#N/A,#N/A,1,1,#N/A,#N/A,#N/A,1,1,#N/A,#N/A,#N/A,1,1,#N/A,#N/A,#N/A,0.646702,1
167,#N/A,#N/A,#N/A,#N/A,1,1,#N/A,#N/A,#N/A,1,1,#N/A,#N/A,#N/A,1,1,#N/A,#N/A,#N/A,0.643369,1
168,#N/A,#N/A,#N/A,#N/A,1,1,#N/A,#N/A,#N/A,1,1,#N/A,#N/A,#N/A,1,1,#N/A,#N/A,#N/A,0.640036,1
169,#N/A,#N/A,#N/A,#N/A,1,1,#N/A,#N/A,#N/A,1,1,#N/A,#N/A,#N/A,1,1,#N/A,#N/A,#N/A,0.636703,1
170,#N/A,#N/A,#N/A,#N/A,1,1,#N/A,#N/A,#N/A,1,1,#N/A,#N/A,#N/A,1,1,#N/A,#N/A,#N/A,0.63337,1
171,#N/A,#N/A,#N/A,#N/A,1,1,#N/A,#N/A,#N/A,1,1,#N/A,#N/A,#N/A,1,1,#N/A,#N/A,#N/A,0.630037,1
172,#N/A,#N/A,#N/A,#N/A,1,1,#N/A,#N/A,#N/A,1,1,#N/A,#N/A,#N/A,1,1,#N/A,#N/A,#N/A,0.626704,1
173,#N/A,#N/A,#N/A,#N/A,1,1,#N/A,#N/A,#N/A,1,1,#N/A,#N/A,#N/A,1,1,#N/A,#N/A,#N/A,0.623371,1
174,#N/A,#N/A,#N/A,#N/A,1,1,#N/A,#N/A,#N/A,1,1,#N/A,#N/A,#N/A,1,1,#N/A,#N/A,#N/A,0.620038,1
175,#N/A,#N/A,#N/A,#N/A,1,1,#N/A,#N/A,#N/A,1,1,#N/A,#N/A,#N/A,1,1,#N/A,#N/A,#N/A,0.616705,1
176,#N/A,#N/A,#N/A,#N/A,1,1,#N/A,#N/A,#N/A,1,1,#N/A,#N/A,#N/A,1,1,#N/A,#N/A,#N/A,0.613372,1
177,#N/A,#N/A,#N/A,#N/A,1,1,#N/A,#N/A,#N/A,1,1,#N/A,#N/A,#N/A,1,1,#N/A,#N/A,#N/A,0.610039,1
178,#N/A,#N/A,#N/A,#N/A,1,1,#N/A,#N/A,#N/A,1,1,#N/A,#N/A,#N/A,1,1,#N/A,#N/A,#N/A,0.606706,1
179,#N/A,#N/A,#N/A,#N/A,1,1,#N/A,#N/A,#N/A,1,1,#N/A,#N/A,#N/A,1,1,#N/A,#N/A,#N/A,0.603373,1
180,#N/A,#N/A,#N/A,#N/A,1,1,#N/A,#N/A,#N/A,1,1,#N/A,#N/A,#N/A,1,1,#N/A,#N/A,#N/A,0.60004,1
181,#N/A,#N/A,#N/A,#N/A,1,1,#N/A,#N/A,#N/A,1,1,#N/A,#N/A,#N/A,1,1,#N/A,#N/A,#N/A,0.596707,1
182,#N/A,#N/A,#N/A,#N/A,1,1,#N/A,#N/A,#N/A,1,1,#N/A,#N/A,#N/A,1,1,#N/A,#N/A,#N/A,0.593374,1
183,#N/A,#N/A,#N/A,#N/A,1,1,#N/A,#N/A,#N/A,1,1,#N/A,#N/A,#N/A,1,1,#N/A,#N/A,#N/A,0.590041,1
184,#N/A,#N/A,#N/A,#N/A,1,1,#N/A,#N/A,#N/A,1,1,#N/A,#N/A,#N/A,1,1,#N/A,#N/A,#N/A,0.586708,1
185,#N/A,#N/A,#N/A,#N/A,1,1,#N/A,#N/A,#N/A,1,1,#N/A,#N/A,#N/A,1,1,#N/A,#N/A,#N/A,0.583375,1
186,#N/A,#N/A,#N/A,#N/A,1,1,#N/A,#N/A,#N/A,1,1,#N/A,#N/A,#N/A,1,1,#N/A,#N/A,#N/A,0.580042,1
187,#N/A,#N/A,#N/A,#N/A,1,1,#N/A,#N/A,#N/A,1,1,#N/A,#N/A,#N/A,1,1,#N/A,#N/A,#N/A,0.576709,1
188,#N/A,#N/A,#N/A,#N/A,1,1,#N/A,#N/A,#N/A,1,1,#N/A,#N/A,#N/A,1,1,#N/A,#N/A,#N/A,0.573376,1
189,#N/A,#N/A,#N/A,#N/A,1,1,#N/A,#N/A,#N/A,1,1,#N/A,#N/A,#N/A,1,1,#N/A,#N/A,#N/A,0.570043,1
190,#N/A,#N/A,#N/A,#N/A,1,1,#N/A,#N/A,#N/A,1,1,#N/A,#N/A,#N/A,1,1,#N/A,#N/A,#N/A,0.56671,1
191,#N/A,#N/A,#N/A,#N/A,1,1,#N/A,#N/A,#N/A,1,1,#N/A,#N/A,#N/A,1,1,#N/A,#N/A,#N/A,0.563377,1
192,#N/A,#N/A,#N/A,#N/A,1,1,#N/A,#N/A,#N/A,1,1,#N/A,#N/A,#N/A,1,1,#N/A,#N/A,#N/A,0.560044,1
193,#N/A,#N/A,#N/A,#N/A,1,1,#N/A,#N/A,#N/A,1,1,#N/A,#N/A,#N/A,1,1,#N/A,#N/A,#N/A,0.556711,1
194,#N/A,#N/A,#N/A,#N/A,1,1,#N/A,#N/A,#N/A,1,1,#N/A,#N/A,#N/A,1,1,#N/A,#N/A,#N/A,0.553378,1
195,#N/A,#N/A,#N/A,#N/A,1,1,#N/A,#N/A,#N/A,1,1,#N/A,#N/A,#N/A,1,1,#N/A,#N/A,#N/A,0.550045,1
196,#N/A,#N/A,#N/A,#N/A,1,1,#N/A,#N/A,#N/A,1,1,#N/A,#N/A,#N/A,1,1,#N/A,#N/A,#N/A,0.546712,1
197,#N/A,#N/A,#N/A,#N/A,1,1,#N/A,#N/A,#N/A,1,1,#N/A,#N/A,#N/A,1,1,#N/A,#N/A,#N/A,0.543379,1
198,#N/A,#N/A,#N/A,#N/A,1,1,#N/A,#N/A,#N/A,1,1,#N/A,#N/A,#N/A,1,1,#N/A,#N/A,#N/A,0.540046,1
199,#N/A,#N/A,#N/A,#N/A,1,1,#N/A,#N/A,#N/A,1,1,#N/A,#N/A,#N/A,1,1,#N/A,#N/A,#N/A,0.536713,1
200,#N/A,#N/A,#N/A,#N/A,1,1,#N/A,#N/A,#N/A,1,1,#N/A,#N/A,#N/A,1,1,#N/A,#N/A,#N/A,0.53338,1
201,#N/A,#N/A,#N/A,#N/A,1,1,#N/A,#N/A,#N/A,1,1,#N/A,#N/A,#N/A,1,1,#N/A,#N/A,#N/A,0.530047,1
202,#N/A,#N/A,#N/A,#N/A,1,1,#N/A,#N/A,#N/A,1,1,#N/A,#N/A,#N/A,1,1,#N/A,#N/A,#N/A,0.526714,1
203,#N/A,#N/A,#N/A,#N/A,1,1,#N/A,#N/A,#N/A,1,1,#N/A,#N/A,#N/A,1,1,#N/A,#N/A,#N/A,0.523381,1
204,#N/A,#N/A,#N/A,#N/A,1,1,#N/A,#N/A,#N/A,1,1,#N/A,#N/A,#N/A,1,1,#N/A,#N/A,#N/A,0.520048,1
205,#N/A,#N/A,#N/A,#N/A,1,1,#N/A,#N/A,#N/A,1,1,#N/A,#N/A,#N/A,1,1,#N/A,#N/A,#N/A,0.516715,1
206,#N/A,#N/A,#N/A,#N/A,1,1,#N/A,#N/A,#N/A,1,1,#N/A,#N/A,#N/A,1,1,#N/A,#N/A,#N/A,0.513382,1
207,#N/A,#N/A,#N/A,#N/A,1,1,#N/A,#N/A,#N/A,1,1,#N/A,#N/A,#N/A,1,1,#N/A,#N/A,#N/A,0.510049,1
208,#N/A,#N/A,#N/A,#N/A,1,1,#N/A,#N/A,#N/A,1,1,#N/A,#N/A,#N/A,1,1,#N/A,#N/A,#N/A,0.506716,1
209,#N/A,#N/A,#N/A,#N/A,1,1,#N/A,#N/A,#N/A,1,1,#N/A,#N/A,#N/A,1,1,#N/A,#N/A,#N/A,0.503383,1
210,#N/A,#N/A,#N/A,#N/A,1,1,#N/A,#N/A,#N/A,1,1,#N/A,#N/A,#N/A,1,1,#N/A,#N/A,#N/A,0.50005,1
211,#N/A,#N/A,#N/A,#N/A,1,1,#N/A,#N/A,#N/A,1,1,#N/A,#N/A,#N/A,1,1,#N/A,#N/A,#N/A,0.496717,1
212,#N/A,#N/A,#N/A,#N/A,1,1,#N/A,#N/A,#N/A,1,1,#N/A,#N/A,#N/A,1,1,#N/A,#N/A,#N/A,0.493384,1
213,#N/A,#N/A,#N/A,#N/A,1,1,#N/A,#N/A,#N/A,1,1,#N/A,#N/A,#N/A,1,1,#N/A,#N/A,#N/A,0.490051,1
214,#N/A,#N/A,#N/A,#N/A,1,1,#N/A,#N/A,#N/A,1,1,#N/A,#N/A,#N/A,1,1,#N/A,#N/A,#N/A,0.486718,1
215,#N/A,#N/A,#N/A,#N/A,1,1,#N/A,#N/A,#N/A,1,1,#N/A,#N/A,#N/A,1,1,#N/A,#N/A,#N/A,0.483385,1
216,#N/A,#N/A,#N/A,#N/A,1,1,#N/A,#N/A,#N/A,1,1,#N/A,#N/A,#N/A,1,1,#N/A,#N/A,#N/A,0.480052,1
217,#N/A,#N/A,#N/A,#N/A,1,1,#N/A,#N/A,#N/A,1,1,#N/A,#N/A,#N/A,1,1,#N/A,#N/A,#N/A,0.476719,1
218,#N/A,#N/A,#N/A,#N/A,1,1,#N/A,#N/A,#N/A,1,1,#N/A,#N/A,#N/A,1,1,#N/A,#N/A,#N/A,0.473386,1
219,#N/A,#N/A,#N/A,#N/A,1,1,#N/A,#N/A,#N/A,1,1,#N/A,#N/A,#N/A,1,1,#N/A,#N/A,#N/A,0.470053,1
220,#N/A,#N/A,#N/A,#N/A,1,1,#N/A,#N/A,#N/A,1,1,#N/A,#N/A,#N/A,1,1,#N/A,#N/A,#N/A,0.46672,1
221,#N/A,#N/A,#N/A,#N/A,1,1,#N/A,#N/A,#N/A,1,1,#N/A,#N/A,#N/A,1,1,#N/A,#N/A,#N/A,0.463387,1
222,#N/A,#N/A,#N/A,#N/A,1,1,#N/A,#N/A,#N/A,1,1,#N/A,#N/A,#N/A,1,1,#N/A,#N/A,#N/A,0.460054,1
223,#N/A,#N/A,#N/A,#N/A,1,1,#N/A,#N/A,#N/A,1,1,#N/A,#N/A,#N/A,1,1,#N/A,#N/A,#N/A,0.456721,1
224,#N/A,#N/A,#N/A,#N/A,1,1,#N/A,#N/A,#N/A,1,1,#N/A,#N/A,#N/A,1,1,#N/A,#N/A,#N/A,0.453388,1
225,#N/A,#N/A,#N/A,#N/A,1,1,#N/A,#N/A,#N/A,1,1,#N/A,#N/A,#N/A,1,1,#N/A,#N/A,#N/A,0.450055,1
226,#N/A,#N/A,#N/A,#N/A,1,1,#N/A,#N/A,#N/A,1,1,#N/A,#N/A,#N/A,1,1,#N/A,#N/A,#N/A,0.446722,1
227,#N/A,#N/A,#N/A,#N/A,1,1,#N/A,#N/A,#N/A,1,1,#N/A,#N/A,#N/A,1,1,#N/A,#N/A,#N/A,0.443389,1
228,#N/A,#N/A,#N/A,#N/A,1,1,#N/A,#N/A,#N/A,1,1,#N/A,#N/A,#N/A,1,1,#N/A,#N/A,#N/A,0.440056,1
229,#N/A,#N/A,#N/A,#N/A,1,1,#N/A,#N/A,#N/A,1,1,#N/A,#N/A,#N/A,1,1,#N/A,#N/A,#N/A,0.436723,1
230,#N/A,#N/A,#N/A,#N/A,1,1,#N/A,#N/A,#N/A,1,1,#N/A,#N/A,#N/A,1,1,#N/A,#N/A,#N/A,0.43339,1
231,#N/A,#N/A,#N/A,#N/A,1,1,#N/A,#N/A,#N/A,1,1,#N/A,#N/A,#N/A,1,1,#N/A,#N/A,#N/A,0.430057,1
232,#N/A,#N/A,#N/A,#N/A,1,1,#N/A,#N/A,#N/A,1,1,#N/A,#N/A,#N/A,1,1,#N/A,#N/A,#N/A,0.426724,1
233,#N/A,#N/A,#N/A,#N/A,1,1,#N/A,#N/A,#N/A,1,1,#N/A,#N/A,#N/A,1,1,#N/A,#N/A,#N/A,0.423391,1
234,#N/A,#N/A,#N/A,#N/A,1,1,#N/A,#N/A,#N/A,1,1,#N/A,#N/A,#N/A,1,1,#N/A,#N/A,#N/A,0.420058,1
235,#N/A,#N/A,#N/A,#N/A,1,1,#N/A,#N/A,#N/A,1,1,#N/A,#N/A,#N/A,1,1,#N/A,#N/A,#N/A,0.416725,1
236,#N/A,#N/A,#N/A,#N/A,1,1,#N/A,#N/A,#N/A,1,1,#N/A,#N/A,#N/A,1,1,#N/A,#N/A,#N/A,0.413392,1
237,#N/A,#N/A,#N/A,#N/A,1,1,#N/A,#N/A,#N/A,1,1,#N/A,#N/A,#N/A,1,1,#N/A,#N/A,#N/A,0.410059,1
238,#N/A,#N/A,#N/A,#N/A,1,1,#N/A,#N/A,#N/A,1,1,#N/A,#N/A,#N/A,1,1,#N/A,#N/A,#N/A,0.406726,1
239,#N/A,#N/A,#N/A,#N/A,1,1,#N/A,#N/A,#N/A,1,1,#N/A,#N/A,#N/A,1,1,#N/A,#N/A,#N/A,0.403393,1
240,#N/A,#N/A,#N/A,#N/A,1,1,#N/A,#N/A,#N/A,1,1,#N/A,#N/A,#N/A,1,1,#N/A,#N/A,#N/A,0.40006,1
241,#N/A,#N/A,#N/A,#N/A,1,1,#N/A,#N/A,#N/A,1,1,#N/A,#N/A,#N/A,1,1,#N/A,#N/A,#N/A,0.396727,1
242,#N/A,#N/A,#N/A,#N/A,1,1,#N/A,#N/A,#N/A,1,1,#N/A,#N/A,#N/A,1,1,#N/A,#N/A,#N/A,0.393394,1
243,#N/A,#N/A,#N/A,#N/A,1,1,#N/A,#N/A,#N/A,1,1,#N/A,#N/A,#N/A,1,1,#N/A,#N/A,#N/A,0.390061,1
244,#N/A,#N/A,#N/A,#N/A,1,1,#N/A,#N/A,#N/A,1,1,#N/A,#N/A,#N/A,1,1,#N/A,#N/A,#N/A,0.386728,1
245,#N/A,#N/A,#N/A,#N/A,1,1,#N/A,#N/A,#N/A,1,1,#N/A,#N/A,#N/A,1,1,#N/A,#N/A,#N/A,0.383395,1
246,#N/A,#N/A,#N/A,#N/A,1,1,#N/A,#N/A,#N/A,1,1,#N/A,#N/A,#N/A,1,1,#N/A,#N/A,#N/A,0.380062,1
247,#N/A,#N/A,#N/A,#N/A,1,1,#N/A,#N/A,#N/A,1,1,#N/A,#N/A,#N/A,1,1,#N/A,#N/A,#N/A,0.376729,1
248,#N/A,#N/A,#N/A,#N/A,1,1,#N/A,#N/A,#N/A,1,1,#N/A,#N/A,#N/A,1,1,#N/A,#N/A,#N/A,0.373396,1
249,#N/A,#N/A,#N/A,#N/A,1,1,#N/A,#N/A,#N/A,1,1,#N/A,#N/A,#N/A,1,1,#N/A,#N/A,#N/A,0.370063,1
250,#N/A,#N/A,#N/A,#N/A,1,1,#N/A,#N/A,#N/A,1,1,#N/A,#N/A,#N/A,1,1,#N/A,#N/A,#N/A,0.36673,1
251,#N/A,#N/A,#N/A,#N/A,1,1,#N/A,#N/A,#N/A,1,1,#N/A,#N/A,#N/A,1,1,#N/A,#N/A,#N/A,0.363397,1
252,#N/A,#N/A,#N/A,#N/A,1,1,#N/A,#N/A,#N/A,1,1,#N/A,#N/A,#N/A,1,1,#N/A,#N/A,#N/A,0.360064,1
253,#N/A,#N/A,#N/A,#N/A,1,1,#N/A,#N/A,#N/A,1,1,#N/A,#N/A,#N/A,1,1,#N/A,#N/A,#N/A,0.356731,1
254,#N/A,#N/A,#N/A,#N/A,1,1,#N/A,#N/A,#N/A,1,1,#N/A,#N/A,#N/A,1,1,#N/A,#N/A,#N/A,0.353398,1
255,#N/A,#N/A,#N/A,#N/A,1,1,#N/A,#N/A,#N/A,1,1,#N/A,#N/A,#N/A,1,1,#N/A,#N/A,#N/A,0.350065,1
256,#N/A,#N/A,#N/A,#N/A,1,1,#N/A,#N/A,#N/A,1,1,#N/A,#N/A,#N/A,1,1,#N/A,#N/A,#N/A,0.346732,1
257,#N/A,#N/A,#N/A,#N/A,1,1,#N/A,#N/A,#N/A,1,1,#N/A,#N/A,#N/A,1,1,#N/A,#N/A,#N/A,0.343399,1
258,#N/A,#N/A,#N/A,#N/A,1,1,#N/A,#N/A,#N/A,1,1,#N/A,#N/A,#N/A,1,1,#N/A,#N/A,#N/A,0.340066,1
259,#N/A,#N/A,#N/A,#N/A,1,1,#N/A,#N/A,#N/A,1,1,#N/A,#N/A,#N/A,1,1,#N/A,#N/A,#N/A,0.336733,1
260,#N/A,#N/A,#N/A,#N/A,1,1,#N/A,#N/A,#N/A,1,1,#N/A,#N/A,#N/A,1,1,#N/A,#N/A,#N/A,0.3334,1
261,#N/A,#N/A,#N/A,#N/A,1,1,#N/A,#N/A,#N/A,1,1,#N/A,#N/A,#N/A,1,1,#N/A,#N/A,#N/A,0.330067,1
262,#N/A,#N/A,#N/A,#N/A,1,1,#N/A,#N/A,#N/A,1,1,#N/A,#N/A,#N/A,1,1,#N/A,#N/A,#N/A,0.326734,1
263,#N/A,#N/A,#N/A,#N/A,1,1,#N/A,#N/A,#N/A,1,1,#N/A,#N/A,#N/A,1,1,#N/A,#N/A,#N/A,0.323401,1
264,#N/A,#N/A,#N/A,#N/A,1,1,#N/A,#N/A,#N/A,1,1,#N/A,#N/A,#N/A,1,1,#N/A,#N/A,#N/A,0.320068,1
265,#N/A,#N/A,#N/A,#N/A,1,1,#N/A,#N/A,#N/A,1,1,#N/A,#N/A,#N/A,1,1,#N/A,#N/A,#N/A,0.316735,1
266,#N/A,#N/A,#N/A,#N/A,1,1,#N/A,#N/A,#N/A,1,1,#N/A,#N/A,#N/A,1,1,#N/A,#N/A,#N/A,0.313402,1
267,#N/A,#N/A,#N/A,#N/A,1,1,#N/A,#N/A,#N/A,1,1,#N/A,#N/A,#N/A,1,1,#N/A,#N/A,#N/A,0.310069,1
268,#N/A,#N/A,#N/A,#N/A,1,1,#N/A,#N/A,#N/A,1,1,#N/A,#N/A,#N/A,1,1,#N/A,#N/A,#N/A,0.306736,1
269,#N/A,#N/A,#N/A,#N/A,1,1,#N/A,#N/A,#N/A,1,1,#N/A,#N/A,#N/A,1,1,#N/A,#N/A,#N/A,0.303403,1
270,#N/A,#N/A,#N/A,#N/A,1,1,#N/A,#N/A,#N/A,1,1,#N/A,#N/A,#N/A,1,1,#N/A,#N/A,#N/A,0.30007,1
271,#N/A,#N/A,#N/A,#N/A,1,1,#N/A,#N/A,#N/A,1,1,#N/A,#N/A,#N/A,1,1,#N/A,#N/A,#N/A,0.296737,1
272,#N/A,#N/A,#N/A,#N/A,1,1,#N/A,#N/A,#N/A,1,1,#N/A,#N/A,#N/A,1,1,#N/A,#N/A,#N/A,0.293404,1
273,#N/A,#N/A,#N/A,#N/A,1,1,#N/A,#N/A,#N/A,1,1,#N/A,#N/A,#N/A,1,1,#N/A,#N/A,#N/A,0.290071,1
274,#N/A,#N/A,#N/A,#N/A,1,1,#N/A,#N/A,#N/A,1,1,#N/A,#N/A,#N/A,1,1,#N/A,#N/A,#N/A,0.286738,1
275,#N/A,#N/A,#N/A,#N/A,1,1,#N/A,#N/A,#N/A,1,1,#N/A,#N/A,#N/A,1,1,#N/A,#N/A,#N/A,0.283405,1
276,#N/A,#N/A,#N/A,#N/A,1,1,#N/A,#N/A,#N/A,1,1,#N/A,#N/A,#N/A,1,1,#N/A,#N/A,#N/A,0.280072,1
277,#N/A,#N/A,#N/A,#N/A,1,1,#N/A,#N/A,#N/A,1,1,#N/A,#N/A,#N/A,1,1,#N/A,#N/A,#N/A,0.276739,1
278,#N/A,#N/A,#N/A,#N/A,1,1,#N/A,#N/A,#N/A,1,1,#N/A,#N/A,#N/A,1,1,#N/A,#N/A,#N/A,0.273406,1
279,#N/A,#N/A,#N/A,#N/A,1,1,#N/A,#N/A,#N/A,1,1,#N/A,#N/A,#N/A,1,1,#N/A,#N/A,#N/A,0.270073,1
280,#N/A,#N/A,#N/A,#N/A,1,1,#N/A,#N/A,#N/A,1,1,#N/A,#N/A,#N/A,1,1,#N/A,#N/A,#N/A,0.26674,1
281,#N/A,#N/A,#N/A,#N/A,1,1,#N/A,#N/A,#N/A,1,1,#N/A,#N/A,#N/A,1,1,#N/A,#N/A,#N/A,0.263407,1
282,#N/A,#N/A,#N/A,#N/A,1,1,#N/A,#N/A,#N/A,1,1,#N/A,#N/A,#N/A,1,1,#N/A,#N/A,#N/A,0.260074,1
283,#N/A,#N/A,#N/A,#N/A,1,1,#N/A,#N/A,#N/A,1,1,#N/A,#N/A,#N/A,1,1,#N/A,#N/A,#N/A,0.256741,1
284,#N/A,#N/A,#N/A,#N/A,1,1,#N/A,#N/A,#N/A,1,1,#N/A,#N/A,#N/A,1,1,#N/A,#N/A,#N/A,0.253408,1
285,#N/A,#N/A,#N/A,#N/A,1,1,#N/A,#N/A,#N/A,1,1,#N/A,#N/A,#N/A,1,1,#N/A,#N/A,#N/A,0.250075,1
286,#N/A,#N/A,#N/A,#N/A,1,1,#N/A,#N/A,#N/A,1,1,#N/A,#N/A,#N/A,1,1,#N/A,#N/A,#N/A,0.246742,1
287,#N/A,#N/A,#N/A,#N/A,1,1,#N/A,#N/A,#N/A,1,1,#N/A,#N/A,#N/A,1,1,#N/A,#N/A,#N/A,0.243409,1
288,#N/A,#N/A,#N/A,#N/A,1,1,#N/A,#N/A,#N/A,1,1,#N/A,#N/A,#N/A,1,1,#N/A,#N/A,#N/A,0.240076,1
289,#N/A,#N/A,#N/A,#N/A,1,1,#N/A,#N/A,#N/A,1,1,#N/A,#N/A,#N/A,1,1,#N/A,#N/A,#N/A,0.236743,1
290,#N/A,#N/A,#N/A,#N/A,1,1,#N/A,#N/A,#N/A,1,1,#N/A,#N/A,#N/A,1,1,#N/A,#N/A,#N/A,0.23341,1
291,#N/A,#N/A,#N/A,#N/A,1,1,#N/A,#N/A,#N/A,1,1,#N/A,#N/A,#N/A,1,1,#N/A,#N/A,#N/A,0.230077,1
292,#N/A,#N/A,#N/A,#N/A,1,1,#N/A,#N/A,#N/A,1,1,#N/A,#N/A,#N/A,1,1,#N/A,#N/A,#N/A,0.226744,1
293,#N/A,#N/A,#N/A,#N/A,1,1,#N/A,#N/A,#N/A,1,1,#N/A,#N/A,#N/A,1,1,#N/A,#N/A,#N/A,0.223411,1
294,#N/A,#N/A,#N/A,#N/A,1,1,#N/A,#N/A,#N/A,1,1,#N/A,#N/A,#N/A,1,1,#N/A,#N/A,#N/A,0.220078,1
295,#N/A,#N/A,#N/A,#N/A,1,1,#N/A,#N/A,#N/A,1,1,#N/A,#N/A,#N/A,1,1,#N/A,#N/A,#N/A,0.216745,1
296,#N/A,#N/A,#N/A,#N/A,1,1,#N/A,#N/A,#N/A,1,1,#N/A,#N/A,#N/A,1,1,#N/A,#N/A,#N/A,0.213412,1
297,#N/A,#N/A,#N/A,#N/A,1,1,#N/A,#N/A,#N/A,1,1,#N/A,#N/A,#N/A,1,1,#N/A,#N/A,#N/A,0.210079,1
298,#N/A,#N/A,#N/A,#N/A,1,1,#N/A,#N/A,#N/A,1,1,#N/A,#N/A,#N/A,1,1,#N/A,#N/A,#N/A,0.206746,1
299,#N/A,#N/A,#N/A,#N/A,1,1,#N/A,#N/A,#N/A,1,1,#N/A,#N/A,#N/A,1,1,#N/A,#N/A,#N/A,0.203413,1
300,#N/A,#N/A,#N/A,#N/A,1,1,#N/A,#N/A,#N/A,1,1,#N/A,#N/A,#N/A,1,1,#N/A,#N/A,#N/A,0.20008,1
301,#N/A,#N/A,#N/A,#N/A,1,1,#N/A,#N/A,#N/A,1,1,#N/A,#N/A,#N/A,1,1,#N/A,#N/A,#N/A,0.203413,1
302,#N/A,#N/A,#N/A,#N/A,1,1,#N/A,#N/A,#N/A,1,1,#N/A,#N/A,#N/A,1,1,#N/A,#N/A,#N/A,0.20008,1
303,#N/A,#N/A,#N/A,#N/A,1,1,#N/A,#N/A,#N/A,1,1,#N/A,#N/A,#N/A,1,1,#N/A,#N/A,#N/A,0.203413,1
304,#N/A,#N/A,#N/A,#N/A,1,1,#N/A,#N/A,#N/A,1,1,#N/A,#N/A,#N/A,1,1,#N/A,#N/A,#N/A,0.20008,1
305,#N/A,#N/A,#N/A,#N/A,1,1,#N/A,#N/A,#N/A,1,1,#N/A,#N/A,#N/A,1,1,#N/A,#N/A,#N/A,0.203413,1
306,#N/A,#N/A,#N/A,#N/A,1,1,#N/A,#N/A,#N/A,1,1,#N/A,#N/A,#N/A,1,1,#N/A,#N/A,#N/A,0.20008,1
307,#N/A,#N/A,#N/A,#N/A,1,1,#N/A,#N/A,#N/A,1,1,#N/A,#N/A,#N/A,1,1,#N/A,#N/A,#N/A,0.203413,1
308,#N/A,#N/A,#N/A,#N/A,1,1,#N/A,#N/A,#N/A,1,1,#N/A,#N/A,#N/A,1,1,#N/A,#N/A,#N/A,0.20008,1
309,#N/A,#N/A,#N/A,#N/A,1,1,#N/A,#N/A,#N/A,1,1,#N/A,#N/A,#N/A,1,1,#N/A,#N/A,#N/A,0.203413,1
310,#N/A,#N/A,#N/A,#N/A,1,1,#N/A,#N/A,#N/A,1,1,#N/A,#N/A,#N/A,1,1,#N/A,#N/A,#N/A,0.20008,1
311,#N/A,#N/A,#N/A,#N/A,1,1,#N/A,#N/A,#N/A,1,1,#N/A,#N/A,#N/A,1,1,#N/A,#N/A,#N/A,0.203413,1
312,#N/A,#N/A,#N/A,#N/A,1,1,#N/A,#N/A,#N/A,1,1,#N/A,#N/A,#N/A,1,1,#N/A,#N/A,#N/A,0.20008,1
313,#N/A,#N/A,#N/A,#N/A,1,1,#N/A,#N/A,#N/A,1,1,#N/A,#N/A,#N/A,1,1,#N/A,#N/A,#N/A,0.203413,1
314,#N/A,#N/A,#N/A,#N/A,1,1,#N/A,#N/A,#N/A,1,1,#N/A,#N/A,#N/A,1,1,#N/A,#N/A,#N/A,0.20008,1
315,#N/A,#N/A,#N/A,#N/A,1,1,#N/A,#N/A,#N/A,1,1,#N/A,#N/A,#N/A,1,1,#N/A,#N/A,#N/A,0.203413,1
316,#N/A,#N/A,#N/A,#N/A,1,1,#N/A,#N/A,#N/A,1,1,#N/A,#N/A,#N/A,1,1,#N/A,#N/A,#N/A,0.20008,1
317,#N/A,#N/A,#N/A,#N/A,1,1,#N/A,#N/A,#N/A,1,1,#N/A,#N/A,#N/A,1,1,#N/A,#N/A,#N/A,0.203413,1
318,#N/A,#N/A,#N/A,#N/A,1,1,#N/A,#N/A,#N/A,1,1,#N/A,#N/A,#N/A,1,1,#N/A,#N/A,#N/A,0.20008,1
319,#N/A,#N/A,#N/A,#N/A,1,1,#N/A,#N/A,#N/A,1,1,#N/A,#N/A,#N/A,1,1,#N/A,#N/A,#N/A,0.203413,1
320,#N/A,#N/A,#N/A,#N/A,1,1,#N/A,#N/A,#N/A,1,1,#N/A,#N/A,#N/A,1,1,#N/A,#N/A,#N/A,0.20008,1
321,#N/A,#N/A,#N/A,#N/A,1,1,#N/A,#N/A,#N/A,1,1,#N/A,#N/A,#N/A,1,1,#N/A,#N/A,#N/A,0.203413,1
322,#N/A,#N/A,#N/A,#N/A,1,1,#N/A,#N/A,#N/A,1,1,#N/A,#N/A,#N/A,1,1,#N/A,#N/A,#N/A,0.20008,1
323,#N/A,#N/A,#N/A,#N/A,1,1,#N/A,#N/A,#N/A,1,1,#N/A,#N/A,#N/A,1,1,#N/A,#N/A,#N/A,0.203413,1
324,#N/A,#N/A,#N/A,#N/A,1,1,#N/A,#N/A,#N/A,1,1,#N/A,#N/A,#N/A,1,1,#N/A,#N/A,#N/A,0.20008,1
325,#N/A,#N/A,#N/A,#N/A,1,1,#N/A,#N/A,#N/A,1,1,#N/A,#N/A,#N/A,1,1,#N/A,#N/A,#N/A,0.203413,1
326,#N/A,#N/A,#N/A,#N/A,1,1,#N/A,#N/A,#N/A,1,1,#N/A,#N/A,#N/A,1,1,#N/A,#N/A,#N/A,0.20008,1
327,#N/A,#N/A,#N/A,#N/A,1,1,#N/A,#N/A,#N/A,1,1,#N/A,#N/A,#N/A,1,1,#N/A,#N/A,#N/A,0.203413,1
328,#N/A,#N/A,#N/A,#N/A,1,1,#N/A,#N/A,#N/A,1,1,#N/A,#N/A,#N/A,1,1,#N/A,#N/A,#N/A,0.20008,1
329,#N/A,#N/A,#N/A,#N/A,1,1,#N/A,#N/A,#N/A,1,1,#N/A,#N/A,#N/A,1,1,#N/A,#N/A,#N/A,0.203413,1
330,#N/A,#N/A,#N/A,#N/A,1,1,#N/A,#N/A,#N/A,1,1,#N/A,#N/A,#N/A,1,1,#N/A,#N/A,#N/A,0.20008,1
331,#N/A,#N/A,#N/A,#N/A,1,1,#N/A,#N/A,#N/A,1,1,#N/A,#N/A,#N/A,1,1,#N/A,#N/A,#N/A,0.203413,1
332,#N/A,#N/A,#N/A,#N/A,1,1,#N/A,#N/A,#N/A,1,1,#N/A,#N/A,#N/A,1,1,#N/A,#N/A,#N/A,0.20008,1
333,#N/A,#N/A,#N/A,#N/A,1,1,#N/A,#N/A,#N/A,1,1,#N/A,#N/A,#N/A,1,1,#N/A,#N/A,#N/A,0.203413,1
334,#N/A,#N/A,#N/A,#N/A,1,1,#N/A,#N/A,#N/A,1,1,#N/A,#N/A,#N/A,1,1,#N/A,#N/A,#N/A,0.20008,1
335,#N/A,#N/A,#N/A,#N/A,1,1,#N/A,#N/A,#N/A,1,1,#N/A,#N/A,#N/A,1,1,#N/A,#N/A,#N/A,0.203413,1
336,#N/A,#N/A,#N/A,#N/A,1,1,#N/A,#N/A,#N/A,1,1,#N/A,#N/A,#N/A,1,1,#N/A,#N/A,#N/A,0.20008,1
337,#N/A,#N/A,#N/A,#N/A,1,1,#N/A,#N/A,#N/A,1,1,#N/A,#N/A,#N/A,1,1,#N/A,#N/A,#N/A,0.203413,1
338,#N/A,#N/A,#N/A,#N/A,1,1,#N/A,#N/A,#N/A,1,1,#N/A,#N/A,#N/A,1,1,#N/A,#N/A,#N/A,0.20008,1
339,#N/A,#N/A,#N/A,#N/A,1,1,#N/A,#N/A,#N/A,1,1,#N/A,#N/A,#N/A,1,1,#N/A,#N/A,#N/A,0.203413,1
340,#N/A,#N/A,#N/A,#N/A,1,1,#N/A,#N/A,#N/A,1,1,#N/A,#N/A,#N/A,1,1,#N/A,#N/A,#N/A,0.20008,1
341,#N/A,#N/A,#N/A,#N/A,1,1,#N/A,#N/A,#N/A,1,1,#N/A,#N/A,#N/A,1,1,#N/A,#N/A,#N/A,0.203413,1
342,#N/A,#N/A,#N/A,#N/A,1,1,#N/A,#N/A,#N/A,1,1,#N/A,#N/A,#N/A,1,1,#N/A,#N/A,#N/A,0.20008,1
343,#N/A,#N/A,#N/A,#N/A,1,1,#N/A,#N/A,#N/A,1,1,#N/A,#N/A,#N/A,1,1,#N/A,#N/A,#N/A,0.203413,1
344,#N/A,#N/A,#N/A,#N/A,1,1,#N/A,#N/A,#N/A,1,1,#N/A,#N/A,#N/A,1,1,#N/A,#N/A,#N/A,0.20008,1
345,#N/A,#N/A,#N/A,#N/A,1,1,#N/A,#N/A,#N/A,1,1,#N/A,#N/A,#N/A,1,1,#N/A,#N/A,#N/A,0.203413,1
346,#N/A,#N/A,#N/A,#N/A,1,1,#N/A,#N/A,#N/A,1,1,#N/A,#N/A,#N/A,1,1,#N/A,#N/A,#N/A,0.20008,1
347,#N/A,#N/A,#N/A,#N/A,1,1,#N/A,#N/A,#N/A,1,1,#N/A,#N/A,#N/A,1,1,#N/A,#N/A,#N/A,0.203413,1
348,#N/A,#N/A,#N/A,#N/A,1,1,#N/A,#N/A,#N/A,1,1,#N/A,#N/A,#N/A,1,1,#N/A,#N/A,#N/A,0.20008,1
349,#N/A,#N/A,#N/A,#N/A,1,1,#N/A,#N/A,#N/A,1,1,#N/A,#N/A,#N/A,1,1,#N/A,#N/A,#N/A,0.203413,1
350,#N/A,#N/A,#N/A,#N/A,1,1,#N/A,#N/A,#N/A,1,1,#N/A,#N/A,#N/A,1,1,#N/A,#N/A,#N/A,0.20008,1
351,#N/A,#N/A,#N/A,#N/A,1,1,#N/A,#N/A,#N/A,1,1,#N/A,#N/A,#N/A,1,1,#N/A,#N/A,#N/A,0.203413,1
352,#N/A,#N/A,#N/A,#N/A,1,1,#N/A,#N/A,#N/A,1,1,#N/A,#N/A,#N/A,1,1,#N/A,#N/A,#N/A,0.20008,1
353,#N/A,#N/A,#N/A,#N/A,1,1,#N/A,#N/A,#N/A,1,1,#N/A,#N/A,#N/A,1,1,#N/A,#N/A,#N/A,0.203413,1
354,#N/A,#N/A,#N/A,#N/A,1,1,#N/A,#N/A,#N/A,1,1,#N/A,#N/A,#N/A,1,1,#N/A,#N/A,#N/A,0.20008,1
355,#N/A,#N/A,#N/A,#N/A,1,1,#N/A,#N/A,#N/A,1,1,#N/A,#N/A,#N/A,1,1,#N/A,#N/A,#N/A,0.203413,1
356,#N/A,#N/A,#N/A,#N/A,1,1,#N/A,#N/A,#N/A,1,1,#N/A,#N/A,#N/A,1,1,#N/A,#N/A,#N/A,0.20008,1
357,#N/A,#N/A,#N/A,#N/A,1,1,#N/A,#N/A,#N/A,1,1,#N/A,#N/A,#N/A,1,1,#N/A,#N/A,#N/A,0.203413,1
358,#N/A,#N/A,#N/A,#N/A,1,1,#N/A,#N/A,#N/A,1,1,#N/A,#N/A,#N/A,1,1,#N/A,#N/A,#N/A,0.20008,1
359,#N/A,#N/A,#N/A,#N/A,1,1,#N/A,#N/A,#N/A,1,1,#N/A,#N/A,#N/A,1,1,#N/A,#N/A,#N/A,0.203413,1
360,#N/A,#N/A,#N/A,#N/A,1,1,#N/A,#N/A,#N/A,1,1,#N/A,#N/A,#N/A,1,1,#N/A,#N/A,#N/A,0.20008,1
361,#N/A,#N/A,#N/A,#N/A,1,1,#N/A,#N/A,#N/A,1,1,#N/A,#N/A,#N/A,1,1,#N/A,#N/A,#N/A,0.203413,1
362,#N/A,#N/A,#N/A,#N/A,1,1,#N/A,#N/A,#N/A,1,1,#N/A,#N/A,#N/A,1,1,#N/A,#N/A,#N/A,0.20008,1
363,#N/A,#N/A,#N/A,#N/A,1,1,#N/A,#N/A,#N/A,1,1,#N/A,#N/A,#N/A,1,1,#N/A,#N/A,#N/A,0.203413,1
364,#N/A,#N/A,#N/A,#N/A,1,1,#N/A,#N/A,#N/A,1,1,#N/A,#N/A,#N/A,1,1,#N/A,#N/A,#N/A,0.20008,1
365,#N/A,#N/A,#N/A,#N/A,1,1,#N/A,#N/A,#N/A,1,1,#N/A,#N/A,#N/A,1,1,#N/A,#N/A,#N/A,0.203413,1
366,#N/A,#N/A,#N/A,#N/A,1,1,#N/A,#N/A,#N/A,1,1,#N/A,#N/A,#N/A,1,1,#N/A,#N/A,#N/A,0.20008,1
367,#N/A,#N/A,#N/A,#N/A,1,1,#N/A,#N/A,#N/A,1,1,#N/A,#N/A,#N/A,1,1,#N/A,#N/A,#N/A,0.203413,1
368,#N/A,#N/A,#N/A,#N/A,1,1,#N/A,#N/A,#N/A,1,1,#N/A,#N/A,#N/A,1,1,#N/A,#N/A,#N/A,0.20008,1
369,#N/A,#N/A,#N/A,#N/A,1,1,#N/A,#N/A,#N/A,1,1,#N/A,#N/A,#N/A,1,1,#N/A,#N/A,#N/A,0.203413,1
370,#N/A,#N/A,#N/A,#N/A,1,1,#N/A,#N/A,#N/A,1,1,#N/A,#N/A,#N/A,1,1,#N/A,#N/A,#N/A,0.20008,1
371,#N/A,#N/A,#N/A,#N/A,1,1,#N/A,#N/A,#N/A,1,1,#N/A,#N/A,#N/A,1,1,#N/A,#N/A,#N/A,0.203413,1
372,#N/A,#N/A,#N/A,#N/A,1,1,#N/A,#N/A,#N/A,1,1,#N/A,#N/A,#N/A,1,1,#N/A,#N/A,#N/A,0.20008,1
373,#N/A,#N/A,#N/A,#N/A,1,1,#N/A,#N/A,#N/A,1,1,#N/A,#N/A,#N/A,1,1,#N/A,#N/A,#N/A,0.203413,1
374,#N/A,#N/A,#N/A,#N/A,1,1,#N/A,#N/A,#N/A,1,1,#N/A,#N/A,#N/A,1,1,#N/A,#N/A,#N/A,0.20008,1
375,#N/A,#N/A,#N/A,#N/A,1,1,#N/A,#N/A,#N/A,1,1,#N/A,#N/A,#N/A,1,1,#N/A,#N/A,#N/A,0.203413,1
376,#N/A,#N/A,#N/A,#N/A,1,1,#N/A,#N/A,#N/A,1,1,#N/A,#N/A,#N/A,1,1,#N/A,#N/A,#N/A,0.20008,1
377,#N/A,#N/A,#N/A,#N/A,1,1,#N/A,#N/A,#N/A,1,1,#N/A,#N/A,#N/A,1,1,#N/A,#N/A,#N/A,0.203413,1
378,#N/A,#N/A,#N/A,#N/A,1,1,#N/A,#N/A,#N/A,1,1,#N/A,#N/A,#N/A,1,1,#N/A,#N/A,#N/A,0.20008,1
379,#N/A,#N/A,#N/A,#N/A,1,1,#N/A,#N/A,#N/A,1,1,#N/A,#N/A,#N/A,1,1,#N/A,#N/A,#N/A,0.203413,1
380,#N/A,#N/A,#N/A,#N/A,1,1,#N/A,#N/A,#N/A,1,1,#N/A,#N/A,#N/A,1,1,#N/A,#N/A,#N/A,0.20008,1
381,#N/A,#N/A,#N/A,#N/A,1,1,#N/A,#N/A,#N/A,1,1,#N/A,#N/A,#N/A,1,1,#N/A,#N/A,#N/A,0.203413,1
382,#N/A,#N/A,#N/A,#N/A,1,1,#N/A,#N/A,#N/A,1,1,#N/A,#N/A,#N/A,1,1,#N/A,#N/A,#N/A,0.20008,1
383,#N/A,#N/A,#N/A,#N/A,1,1,#N/A,#N/A,#N/A,1,1,#N/A,#N/A,#N/A,1,1,#N/A,#N/A,#N/A,0.203413,1
384,#N/A,#N/A,#N/A,#N/A,1,1,#N/A,#N/A,#N/A,1,1,#N/A,#N/A,#N/A,1,1,#N/A,#N/A,#N/A,0.20008,1
385,#N/A,#N/A,#N/A,#N/A,1,1,#N/A,#N/A,#N/A,1,1,#N/A,#N/A,#N/A,1,1,#N/A,#N/A,#N/A,0.203413,1
386,#N/A,#N/A,#N/A,#N/A,1,1,#N/A,#N/A,#N/A,1,1,#N/A,#N/A,#N/A,1,1,#N/A,#N/A,#N/A,0.20008,1
387,#N/A,#N/A,#N/A,#N/A,1,1,#N/A,#N/A,#N/A,1,1,#N/A,#N/A,#N/A,1,1,#N/A,#N/A,#N/A,0.203413,1
388,#N/A,#N/A,#N/A,#N/A,1,1,#N/A,#N/A,#N/A,1,1,#N/A,#N/A,#N/A,1,1,#N/A,#N/A,#N/A,0.20008,1
389,#N/A,#N/A,#N/A,#N/A,1,1,#N/A,#N/A,#N/A,1,1,#N/A,#N/A,#N/A,1,1,#N/A,#N/A,#N/A,0.203413,1
390,#N/A,#N/A,#N/A,#N/A,1,1,#N/A,#N/A,#N/A,1,1,#N/A,#N/A,#N/A,1,1,#N/A,#N/A,#N/A,0.20008,1
391,#N/A,#N/A,#N/A,#N/A,1,1,#N/A,#N/A,#N/A,1,1,#N/A,#N/A,#N/A,1,1,#N/A,#N/A,#N/A,0.203413,1
392,#N/A,#N/A,#N/A,#N/A,1,1,#N/A,#N/A,#N/A,1,1,#N/A,#N/A,#N/A,1,1,#N/A,#N/A,#N/A,0.20008,1
393,#N/A,#N/A,#N/A,#N/A,1,1,#N/A,#N/A,#N/A,1,1,#N/A,#N/A,#N/A,1,1,#N/A,#N/A,#N/A,0.203413,1
394,#N/A,#N/A,#N/A,#N/A,1,1,#N/A,#N/A,#N/A,1,1,#N/A,#N/A,#N/A,1,1,#N/A,#N/A,#N/A,0.20008,1
395,#N/A,#N/A,#N/A,#N/A,1,1,#N/A,#N/A,#N/A,1,1,#N/A,#N/A,#N/A,1,1,#N/A,#N/A,#N/A,0.203413,1
396,#N/A,#N/A,#N/A,#N/A,1,1,#N/A,#N/A,#N/A,1,1,#N/A,#N/A,#N/A,1,1,#N/A,#N/A,#N/A,0.20008,1
397,#N/A,#N/A,#N/A,#N/A,1,1,#N/A,#N/A,#N/A,1,1,#N/A,#N/A,#N/A,1,1,#N/A,#N/A,#N/A,0.203413,1
398,#N/A,#N/A,#N/A,#N/A,1,1,#N/A,#N/A,#N/A,1,1,#N/A,#N/A,#N/A,1,1,#N/A,#N/A,#N/A,0.20008,1
399,#N/A,#N/A,#N/A,#N/A,1,1,#N/A,#N/A,#N/A,1,1,#N/A,#N/A,#N/A,1,1,#N/A,#N/A,#N/A,0.203413,1
400,#N/A,#N/A,#N/A,#N/A,1,1,#N/A,#N/A,#N/A,1,1,#N/A,#N/A,#N/A,1,1,#N/A,#N/A,#N/A,0.20008,1
401,#N/A,#N/A,#N/A,#N/A,1,1,#N/A,#N/A,#N/A,1,1,#N/A,#N/A,#N/A,1,1,#N/A,#N/A,#N/A,0.203413,1
402,#N/A,#N/A,#N/A,#N/A,1,1,#N/A,#N/A,#N/A,1,1,#N/A,#N/A,#N/A,1,1,#N/A,#N/A,#N/A,0.20008,1
403,#N/A,#N/A,#N/A,#N/A,1,1,#N/A,#N/A,#N/A,1,1,#N/A,#N/A,#N/A,1,1,#N/A,#N/A,#N/A,0.203413,1
404,#N/A,#N/A,#N/A,#N/A,1,1,#N/A,#N/A,#N/A,1,1,#N/A,#N/A,#N/A,1,1,#N/A,#N/A,#N/A,0.20008,1
405,#N/A,#N/A,#N/A,#N/A,1,1,#N/A,#N/A,#N/A,1,1,#N/A,#N/A,#N/A,1,1,#N/A,#N/A,#N/A,0.203413,1
406,#N/A,#N/A,#N/A,#N/A,1,1,#N/A,#N/A,#N/A,1,1,#N/A,#N/A,#N/A,1,1,#N/A,#N/A,#N/A,0.20008,1
407,#N/A,#N/A,#N/A,#N/A,1,1,#N/A,#N/A,#N/A,1,1,#N/A,#N/A,#N/A,1,1,#N/A,#N/A,#N/A,0.203413,1
408,#N/A,#N/A,#N/A,#N/A,1,1,#N/A,#N/A,#N/A,1,1,#N/A,#N/A,#N/A,1,1,#N/A,#N/A,#N/A,0.20008,1
409,#N/A,#N/A,#N/A,#N/A,1,1,#N/A,#N/A,#N/A,1,1,#N/A,#N/A,#N/A,1,1,#N/A,#N/A,#N/A,0.203413,1
410,#N/A,#N/A,#N/A,#N/A,1,1,#N/A,#N/A,#N/A,1,1,#N/A,#N/A,#N/A,1,1,#N/A,#N/A,#N/A,0.20008,1
411,#N/A,#N/A,#N/A,#N/A,1,1,#N/A,#N/A,#N/A,1,1,#N/A,#N/A,#N/A,1,1,#N/A,#N/A,#N/A,0.203413,1
412,#N/A,#N/A,#N/A,#N/A,1,1,#N/A,#N/A,#N/A,1,1,#N/A,#N/A,#N/A,1,1,#N/A,#N/A,#N/A,0.20008,1
413,#N/A,#N/A,#N/A,#N/A,1,1,#N/A,#N/A,#N/A,1,1,#N/A,#N/A,#N/A,1,1,#N/A,#N/A,#N/A,0.203413,1
414,#N/A,#N/A,#N/A,#N/A,1,1,#N/A,#N/A,#N/A,1,1,#N/A,#N/A,#N/A,1,1,#N/A,#N/A,#N/A,0.20008,1
415,#N/A,#N/A,#N/A,#N/A,1,1,#N/A,#N/A,#N/A,1,1,#N/A,#N/A,#N/A,1,1,#N/A,#N/A,#N/A,0.203413,1
416,#N/A,#N/A,#N/A,#N/A,1,1,#N/A,#N/A,#N/A,1,1,#N/A,#N/A,#N/A,1,1,#N/A,#N/A,#N/A,0.20008,1
417,#N/A,#N/A,#N/A,#N/A,1,1,#N/A,#N/A,#N/A,1,1,#N/A,#N/A,#N/A,1,1,#N/A,#N/A,#N/A,0.203413,1
418,#N/A,#N/A,#N/A,#N/A,1,1,#N/A,#N/A,#N/A,1,1,#N/A,#N/A,#N/A,1,1,#N/A,#N/A,#N/A,0.20008,1
419,#N/A,#N/A,#N/A,#N/A,1,1,#N/A,#N/A,#N/A,1,1,#N/A,#N/A,#N/A,1,1,#N/A,#N/A,#N/A,0.203413,1
420,#N/A,#N/A,#N/A,#N/A,1,1,#N/A,#N/A,#N/A,1,1,#N/A,#N/A,#N/A,1,1,#N/A,#N/A,#N/A,0.20008,1
421,#N/A,#N/A,#N/A,#N/A,1,1,#N/A,#N/A,#N/A,1,1,#N/A,#N/A,#N/A,1,1,#N/A,#N/A,#N/A,0.203413,1
422,#N/A,#N/A,#N/A,#N/A,1,1,#N/A,#N/A,#N/A,1,1,#N/A,#N/A,#N/A,1,1,#N/A,#N/A,#N/A,0.20008,1
423,#N/A,#N/A,#N/A,#N/A,1,1,#N/A,#N/A,#N/A,1,1,#N/A,#N/A,#N/A,1,1,#N/A,#N/A,#N/A,0.203413,1
424,#N/A,#N/A,#N/A,#N/A,1,1,#N/A,#N/A,#N/A,1,1,#N/A,#N/A,#N/A,1,1,#N/A,#N/A,#N/A,0.20008,1
425,#N/A,#N/A,#N/A,#N/A,1,1,#N/A,#N/A,#N/A,1,1,#N/A,#N/A,#N/A,1,1,#N/A,#N/A,#N/A,0.203413,1
426,#N/A,#N/A,#N/A,#N/A,1,1,#N/A,#N/A,#N/A,1,1,#N/A,#N/A,#N/A,1,1,#N/A,#N/A,#N/A,0.20008,1
427,#N/A,#N/A,#N/A,#N/A,1,1,#N/A,#N/A,#N/A,1,1,#N/A,#N/A,#N/A,1,1,#N/A,#N/A,#N/A,0.203413,1
428,#N/A,#N/A,#N/A,#N/A,1,1,#N/A,#N/A,#N/A,1,1,#N/A,#N/A,#N/A,1,1,#N/A,#N/A,#N/A,0.20008,1
429,#N/A,#N/A,#N/A,#N/A,1,1,#N/A,#N/A,#N/A,1,1,#N/A,#N/A,#N/A,1,1,#N/A,#N/A,#N/A,0.203413,1
430,#N/A,#N/A,#N/A,#N/A,1,1,#N/A,#N/A,#N/A,1,1,#N/A,#N/A,#N/A,1,1,#N/A,#N/A,#N/A,0.20008,1
431,#N/A,#N/A,#N/A,#N/A,1,1,#N/A,#N/A,#N/A,1,1,#N/A,#N/A,#N/A,1,1,#N/A,#N/A,#N/A,0.203413,1
432,#N/A,#N/A,#N/A,#N/A,1,1,#N/A,#N/A,#N/A,1,1,#N/A,#N/A,#N/A,1,1,#N/A,#N/A,#N/A,0.20008,1
433,#N/A,#N/A,#N/A,#N/A,1,1,#N/A,#N/A,#N/A,1,1,#N/A,#N/A,#N/A,1,1,#N/A,#N/A,#N/A,0.203413,1
434,#N/A,#N/A,#N/A,#N/A,1,1,#N/A,#N/A,#N/A,1,1,#N/A,#N/A,#N/A,1,1,#N/A,#N/A,#N/A,0.20008,1
435,#N/A,#N/A,#N/A,#N/A,1,1,#N/A,#N/A,#N/A,1,1,#N/A,#N/A,#N/A,1,1,#N/A,#N/A,#N/A,0.203413,1
436,#N/A,#N/A,#N/A,#N/A,1,1,#N/A,#N/A,#N/A,1,1,#N/A,#N/A,#N/A,1,1,#N/A,#N/A,#N/A,0.20008,1
437,#N/A,#N/A,#N/A,#N/A,1,1,#N/A,#N/A,#N/A,1,1,#N/A,#N/A,#N/A,1,1,#N/A,#N/A,#N/A,0.203413,1
438,#N/A,#N/A,#N/A,#N/A,1,1,#N/A,#N/A,#N/A,1,1,#N/A,#N/A,#N/A,1,1,#N/A,#N/A,#N/A,0.20008,1
439,#N/A,#N/A,#N/A,#N/A,1,1,#N/A,#N/A,#N/A,1,1,#N/A,#N/A,#N/A,1,1,#N/A,#N/A,#N/A,0.203413,1
440,#N/A,#N/A,#N/A,#N/A,1,1,#N/A,#N/A,#N/A,1,1,#N/A,#N/A,#N/A,1,1,#N/A,#N/A,#N/A,0.20008,1
441,#N/A,#N/A,#N/A,#N/A,1,1,#N/A,#N/A,#N/A,1,1,#N/A,#N/A,#N/A,1,1,#N/A,#N/A,#N/A,0.203413,1
442,#N/A,#N/A,#N/A,#N/A,1,1,#N/A,#N/A,#N/A,1,1,#N/A,#N/A,#N/A,1,1,#N/A,#N/A,#N/A,0.20008,1
443,#N/A,#N/A,#N/A,#N/A,1,1,#N/A,#N/A,#N/A,1,1,#N/A,#N/A,#N/A,1,1,#N/A,#N/A,#N/A,0.203413,1
444,#N/A,#N/A,#N/A,#N/A,1,1,#N/A,#N/A,#N/A,1,1,#N/A,#N/A,#N/A,1,1,#N/A,#N/A,#N/A,0.20008,1
445,#N/A,#N/A,#N/A,#N/A,1,1,#N/A,#N/A,#N/A,1,1,#N/A,#N/A,#N/A,1,1,#N/A,#N/A,#N/A,0.203413,1
446,#N/A,#N/A,#N/A,#N/A,1,1,#N/A,#N/A,#N/A,1,1,#N/A,#N/A,#N/A,1,1,#N/A,#N/A,#N/A,0.20008,1
447,#N/A,#N/A,#N/A,#N/A,1,1,#N/A,#N/A,#N/A,1,1,#N/A,#N/A,#N/A,1,1,#N/A,#N/A,#N/A,0.203413,1
448,#N/A,#N/A,#N/A,#N/A,1,1,#N/A,#N/A,#N/A,1,1,#N/A,#N/A,#N/A,1,1,#N/A,#N/A,#N/A,0.20008,1
449,#N/A,#N/A,#N/A,#N/A,1,1,#N/A,#N/A,#N/A,1,1,#N/A,#N/A,#N/A,1,1,#N/A,#N/A,#N/A,0.203413,1
450,#N/A,#N/A,#N/A,#N/A,1,1,#N/A,#N/A,#N/A,1,1,#N/A,#N/A,#N/A,1,1,#N/A,#N/A,#N/A,0.20008,1
451,#N/A,#N/A,#N/A,#N/A,1,1,#N/A,#N/A,#N/A,1,1,#N/A,#N/A,#N/A,1,1,#N/A,#N/A,#N/A,0.203413,1
452,#N/A,#N/A,#N/A,#N/A,1,1,#N/A,#N/A,#N/A,1,1,#N/A,#N/A,#N/A,1,1,#N/A,#N/A,#N/A,0.20008,1
453,#N/A,#N/A,#N/A,#N/A,1,1,#N/A,#N/A,#N/A,1,1,#N/A,#N/A,#N/A,1,1,#N/A,#N/A,#N/A,0.203413,1
454,#N/A,#N/A,#N/A,#N/A,1,1,#N/A,#N/A,#N/A,1,1,#N/A,#N/A,#N/A,1,1,#N/A,#N/A,#N/A,0.20008,1
455,#N/A,#N/A,#N/A,#N/A,1,1,#N/A,#N/A,#N/A,1,1,#N/A,#N/A,#N/A,1,1,#N/A,#N/A,#N/A,0.203413,1
456,#N/A,#N/A,#N/A,#N/A,1,1,#N/A,#N/A,#N/A,1,1,#N/A,#N/A,#N/A,1,1,#N/A,#N/A,#N/A,0.20008,1
457,#N/A,#N/A,#N/A,#N/A,1,1,#N/A,#N/A,#N/A,1,1,#N/A,#N/A,#N/A,1,1,#N/A,#N/A,#N/A,0.203413,1
458,#N/A,#N/A,#N/A,#N/A,1,1,#N/A,#N/A,#N/A,1,1,#N/A,#N/A,#N/A,1,1,#N/A,#N/A,#N/A,0.20008,1
459,#N/A,#N/A,#N/A,#N/A,1,1,#N/A,#N/A,#N/A,1,1,#N/A,#N/A,#N/A,1,1,#N/A,#N/A,#N/A,0.203413,1
460,#N/A,#N/A,#N/A,#N/A,1,1,#N/A,#N/A,#N/A,1,1,#N/A,#N/A,#N/A,1,1,#N/A,#N/A,#N/A,0.20008,1
461,#N/A,#N/A,#N/A,#N/A,1,1,#N/A,#N/A,#N/A,1,1,#N/A,#N/A,#N/A,1,1,#N/A,#N/A,#N/A,0.203413,1
462,#N/A,#N/A,#N/A,#N/A,1,1,#N/A,#N/A,#N/A,1,1,#N/A,#N/A,#N/A,1,1,#N/A,#N/A,#N/A,0.20008,1
463,#N/A,#N/A,#N/A,#N/A,1,1,#N/A,#N/A,#N/A,1,1,#N/A,#N/A,#N/A,1,1,#N/A,#N/A,#N/A,0.203413,1
464,#N/A,#N/A,#N/A,#N/A,1,1,#N/A,#N/A,#N/A,1,1,#N/A,#N/A,#N/A,1,1,#N/A,#N/A,#N/A,0.20008,1
465,#N/A,#N/A,#N/A,#N/A,1,1,#N/A,#N/A,#N/A,1,1,#N/A,#N/A,#N/A,1,1,#N/A,#N/A,#N/A,0.203413,1
466,#N/A,#N/A,#N/A,#N/A,1,1,#N/A,#N/A,#N/A,1,1,#N/A,#N/A,#N/A,1,1,#N/A,#N/A,#N/A,0.20008,1
467,#N/A,#N/A,#N/A,#N/A,1,1,#N/A,#N/A,#N/A,1,1,#N/A,#N/A,#N/A,1,1,#N/A,#N/A,#N/A,0.203413,1
468,#N/A,#N/A,#N/A,#N/A,1,1,#N/A,#N/A,#N/A,1,1,#N/A,#N/A,#N/A,1,1,#N/A,#N/A,#N/A,0.20008,1
469,#N/A,#N/A,#N/A,#N/A,1,1,#N/A,#N/A,#N/A,1,1,#N/A,#N/A,#N/A,1,1,#N/A,#N/A,#N/A,0.203413,1
470,#N/A,#N/A,#N/A,#N/A,1,1,#N/A,#N/A,#N/A,1,1,#N/A,#N/A,#N/A,1,1,#N/A,#N/A,#N/A,0.20008,1
471,#N/A,#N/A,#N/A,#N/A,1,1,#N/A,#N/A,#N/A,1,1,#N/A,#N/A,#N/A,1,1,#N/A,#N/A,#N/A,0.203413,1
472,#N/A,#N/A,#N/A,#N/A,1,1,#N/A,#N/A,#N/A,1,1,#N/A,#N/A,#N/A,1,1,#N/A,#N/A,#N/A,0.20008,1
473,#N/A,#N/A,#N/A,#N/A,1,1,#N/A,#N/A,#N/A,1,1,#N/A,#N/A,#N/A,1,1,#N/A,#N/A,#N/A,0.203413,1
474,#N/A,#N/A,#N/A,#N/A,1,1,#N/A,#N/A,#N/A,1,1,#N/A,#N/A,#N/A,1,1,#N/A,#N/A,#N/A,0.20008,1
475,#N/A,#N/A,#N/A,#N/A,1,1,#N/A,#N/A,#N/A,1,1,#N/A,#N/A,#N/A,1,1,#N/A,#N/A,#N/A,0.203413,1
476,#N/A,#N/A,#N/A,#N/A,1,1,#N/A,#N/A,#N/A,1,1,#N/A,#N/A,#N/A,1,1,#N/A,#N/A,#N/A,0.20008,1
477,#N/A,#N/A,#N/A,#N/A,1,1,#N/A,#N/A,#N/A,1,1,#N/A,#N/A,#N/A,1,1,#N/A,#N/A,#N/A,0.203413,1
478,#N/A,#N/A,#N/A,#N/A,1,1,#N/A,#N/A,#N/A,1,1,#N/A,#N/A,#N/A,1,1,#N/A,#N/A,#N/A,0.20008,1
479,#N/A,#N/A,#N/A,#N/A,1,1,#N/A,#N/A,#N/A,1,1,#N/A,#N/A,#N/A,1,1,#N/A,#N/A,#N/A,0.203413,1
480,#N/A,#N/A,#N/A,#N/A,1,1,#N/A,#N/A,#N/A,1,1,#N/A,#N/A,#N/A,1,1,#N/A,#N/A,#N/A,0.20008,1
481,#N/A,#N/A,#N/A,#N/A,1,1,#N/A,#N/A,#N/A,1,1,#N/A,#N/A,#N/A,1,1,#N/A,#N/A,#N/A,0.203413,1
482,#N/A,#N/A,#N/A,#N/A,1,1,#N/A,#N/A,#N/A,1,1,#N/A,#N/A,#N/A,1,1,#N/A,#N/A,#N/A,0.20008,1
483,#N/A,#N/A,#N/A,#N/A,1,1,#N/A,#N/A,#N/A,1,1,#N/A,#N/A,#N/A,1,1,#N/A,#N/A,#N/A,0.203413,1
484,#N/A,#N/A,#N/A,#N/A,1,1,#N/A,#N/A,#N/A,1,1,#N/A,#N/A,#N/A,1,1,#N/A,#N/A,#N/A,0.20008,1
485,#N/A,#N/A,#N/A,#N/A,1,1,#N/A,#N/A,#N/A,1,1,#N/A,#N/A,#N/A,1,1,#N/A,#N/A,#N/A,0.203413,1
486,#N/A,#N/A,#N/A,#N/A,1,1,#N/A,#N/A,#N/A,1,1,#N/A,#N/A,#N/A,1,1,#N/A,#N/A,#N/A,0.20008,1
487,#N/A,#N/A,#N/A,#N/A,1,1,#N/A,#N/A,#N/A,1,1,#N/A,#N/A,#N/A,1,1,#N/A,#N/A,#N/A,0.203413,1
488,#N/A,#N/A,#N/A,#N/A,1,1,#N/A,#N/A,#N/A,1,1,#N/A,#N/A,#N/A,1,1,#N/A,#N/A,#N/A,0.20008,1
489,#N/A,#N/A,#N/A,#N/A,1,1,#N/A,#N/A,#N/A,1,1,#N/A,#N/A,#N/A,1,1,#N/A,#N/A,#N/A,0.203413,1
490,#N/A,#N/A,#N/A,#N/A,1,1,#N/A,#N/A,#N/A,1,1,#N/A,#N/A,#N/A,1,1,#N/A,#N/A,#N/A,0.20008,1
491,#N/A,#N/A,#N/A,#N/A,1,1,#N/A,#N/A,#N/A,1,1,#N/A,#N/A,#N/A,1,1,#N/A,#N/A,#N/A,0.203413,1
492,#N/A,#N/A,#N/A,#N/A,1,1,#N/A,#N/A,#N/A,1,1,#N/A,#N/A,#N/A,1,1,#N/A,#N/A,#N/A,0.20008,1
493,#N/A,#N/A,#N/A,#N/A,1,1,#N/A,#N/A,#N/A,1,1,#N/A,#N/A,#N/A,1,1,#N/A,#N/A,#N/A,0.203413,1
494,#N/A,#N/A,#N/A,#N/A,1,1,#N/A,#N/A,#N/A,1,1,#N/A,#N/A,#N/A,1,1,#N/A,#N/A,#N/A,0.20008,1
495,#N/A,#N/A,#N/A,#N/A,1,1,#N/A,#N/A,#N/A,1,1,#N/A,#N/A,#N/A,1,1,#N/A,#N/A,#N/A,0.203413,1
496,#N/A,#N/A,#N/A,#N/A,1,1,#N/A,#N/A,#N/A,1,1,#N/A,#N/A,#N/A,1,1,#N/A,#N/A,#N/A,0.20008,1
497,#N/A,#N/A,#N/A,#N/A,1,1,#N/A,#N/A,#N/A,1,1,#N/A,#N/A,#N/A,1,1,#N/A,#N/A,#N/A,0.203413,1
498,#N/A,#N/A,#N/A,#N/A,1,1,#N/A,#N/A,#N/A,1,1,#N/A,#N/A,#N/A,1,1,#N/A,#N/A,#N/A,0.20008,1
499,#N/A,#N/A,#N/A,#N/A,1,1,#N/A,#N/A,#N/A,1,1,#N/A,#N/A,#N/A,1,1,#N/A,#N/A,#N/A,0.203413,1
500,#N/A,#N/A,#N/A,#N/A,1,1,#N/A,#N/A,#N/A,1,1,#N/A,#N/A,#N/A,1,1,#N/A,#N/A,#N/A,0.20008,1
501,,,,,,,,,,,,,,,,,,,,0.203413,1
502,,,,,,,,,,,,,,,,,,,,0.20008,1
503,,,,,,,,,,,,,,,,,,,,0.203413,1
504,,,,,,,,,,,,,,,,,,,,0.20008,1
505,,,,,,,,,,,,,,,,,,,,0.203413,1
506,,,,,,,,,,,,,,,,,,,,0.20008,1
507,,,,,,,,,,,,,,,,,,,,0.203413,1
508,,,,,,,,,,,,,,,,,,,,0.20008,1
509,,,,,,,,,,,,,,,,,,,,0.203413,1
510,,,,,,,,,,,,,,,,,,,,0.20008,1
511,,,,,,,,,,,,,,,,,,,,0.203413,1
512,,,,,,,,,,,,,,,,,,,,0.20008,1
513,,,,,,,,,,,,,,,,,,,,0.203413,1
514,,,,,,,,,,,,,,,,,,,,0.20008,1
515,,,,,,,,,,,,,,,,,,,,0.203413,1
516,,,,,,,,,,,,,,,,,,,,0.20008,1
517,,,,,,,,,,,,,,,,,,,,0.203413,1
518,,,,,,,,,,,,,,,,,,,,0.20008,1
519,,,,,,,,,,,,,,,,,,,,0.203413,1
520,,,,,,,,,,,,,,,,,,,,0.20008,1
521,,,,,,,,,,,,,,,,,,,,0.203413,1
522,,,,,,,,,,,,,,,,,,,,0.20008,1
523,,,,,,,,,,,,,,,,,,,,0.203413,1
524,,,,,,,,,,,,,,,,,,,,0.20008,1
525,,,,,,,,,,,,,,,,,,,,0.203413,1
526,,,,,,,,,,,,,,,,,,,,0.20008,1
527,,,,,,,,,,,,,,,,,,,,0.203413,1
528,,,,,,,,,,,,,,,,,,,,0.20008,1
529,,,,,,,,,,,,,,,,,,,,0.203413,1
530,,,,,,,,,,,,,,,,,,,,0.20008,1
531,,,,,,,,,,,,,,,,,,,,0.203413,1
532,,,,,,,,,,,,,,,,,,,,0.20008,1
533,,,,,,,,,,,,,,,,,,,,0.203413,1
534,,,,,,,,,,,,,,,,,,,,0.20008,1
535,,,,,,,,,,,,,,,,,,,,0.203413,1
536,,,,,,,,,,,,,,,,,,,,0.20008,1
537,,,,,,,,,,,,,,,,,,,,0.203413,1
538,,,,,,,,,,,,,,,,,,,,0.20008,1
539,,,,,,,,,,,,,,,,,,,,0.203413,1
540,,,,,,,,,,,,,,,,,,,,0.20008,1
541,,,,,,,,,,,,,,,,,,,,0.203413,1
542,,,,,,,,,,,,,,,,,,,,0.20008,1
543,,,,,,,,,,,,,,,,,,,,0.203413,1
544,,,,,,,,,,,,,,,,,,,,0.20008,1
545,,,,,,,,,,,,,,,,,,,,0.203413,1
546,,,,,,,,,,,,,,,,,,,,0.20008,1
547,,,,,,,,,,,,,,,,,,,,0.203413,1
548,,,,,,,,,,,,,,,,,,,,0.20008,1
549,,,,,,,,,,,,,,,,,,,,0.203413,1
550,,,,,,,,,,,,,,,,,,,,0.20008,1
551,,,,,,,,,,,,,,,,,,,,0.203413,1
552,,,,,,,,,,,,,,,,,,,,0.20008,1
553,,,,,,,,,,,,,,,,,,,,0.203413,1
554,,,,,,,,,,,,,,,,,,,,0.20008,1
555,,,,,,,,,,,,,,,,,,,,0.203413,1
556,,,,,,,,,,,,,,,,,,,,0.20008,1
557,,,,,,,,,,,,,,,,,,,,0.203413,1
558,,,,,,,,,,,,,,,,,,,,0.20008,1
559,,,,,,,,,,,,,,,,,,,,0.203413,1
560,,,,,,,,,,,,,,,,,,,,0.20008,1
561,,,,,,,,,,,,,,,,,,,,0.203413,1
562,,,,,,,,,,,,,,,,,,,,0.20008,1
563,,,,,,,,,,,,,,,,,,,,0.203413,1
564,,,,,,,,,,,,,,,,,,,,0.20008,1
565,,,,,,,,,,,,,,,,,,,,0.203413,1
566,,,,,,,,,,,,,,,,,,,,0.20008,1
567,,,,,,,,,,,,,,,,,,,,0.203413,1
568,,,,,,,,,,,,,,,,,,,,0.20008,1
569,,,,,,,,,,,,,,,,,,,,0.203413,1
570,,,,,,,,,,,,,,,,,,,,0.20008,1
571,,,,,,,,,,,,,,,,,,,,0.203413,1
572,,,,,,,,,,,,,,,,,,,,0.20008,1
573,,,,,,,,,,,,,,,,,,,,0.203413,1
574,,,,,,,,,,,,,,,,,,,,0.20008,1
575,,,,,,,,,,,,,,,,,,,,0.203413,1
576,,,,,,,,,,,,,,,,,,,,0.20008,1
577,,,,,,,,,,,,,,,,,,,,0.203413,1
578,,,,,,,,,,,,,,,,,,,,0.20008,1
579,,,,,,,,,,,,,,,,,,,,0.203413,1
580,,,,,,,,,,,,,,,,,,,,0.20008,1
581,,,,,,,,,,,,,,,,,,,,0.203413,1
582,,,,,,,,,,,,,,,,,,,,0.20008,1
583,,,,,,,,,,,,,,,,,,,,0.203413,1
584,,,,,,,,,,,,,,,,,,,,0.20008,1
585,,,,,,,,,,,,,,,,,,,,0.203413,1
586,,,,,,,,,,,,,,,,,,,,0.20008,1
587,,,,,,,,,,,,,,,,,,,,0.203413,1
588,,,,,,,,,,,,,,,,,,,,0.20008,1
589,,,,,,,,,,,,,,,,,,,,0.203413,1
590,,,,,,,,,,,,,,,,,,,,0.20008,1
591,,,,,,,,,,,,,,,,,,,,0.203413,1
592,,,,,,,,,,,,,,,,,,,,0.20008,1
593,,,,,,,,,,,,,,,,,,,,0.203413,1
594,,,,,,,,,,,,,,,,,,,,0.20008,1
595,,,,,,,,,,,,,,,,,,,,0.203413,1
596,,,,,,,,,,,,,,,,,,,,0.20008,1
597,,,,,,,,,,,,,,,,,,,,0.203413,1
598,,,,,,,,,,,,,,,,,,,,0.20008,1
599,,,,,,,,,,,,,,,,,,,,0.203413,1
600,,,,,,,,,,,,,,,,,,,,0.20008,1
601,,,,,,,,,,,,,,,,,,,,0.203413,1
602,,,,,,,,,,,,,,,,,,,,0.20008,1
603,,,,,,,,,,,,,,,,,,,,0.203413,1
604,,,,,,,,,,,,,,,,,,,,0.20008,1
605,,,,,,,,,,,,,,,,,,,,0.203413,1
606,,,,,,,,,,,,,,,,,,,,0.20008,1
607,,,,,,,,,,,,,,,,,,,,0.203413,1
608,,,,,,,,,,,,,,,,,,,,0.20008,1
609,,,,,,,,,,,,,,,,,,,,0.203413,1
610,,,,,,,,,,,,,,,,,,,,0.20008,1
611,,,,,,,,,,,,,,,,,,,,0.203413,1
612,,,,,,,,,,,,,,,,,,,,0.20008,1
613,,,,,,,,,,,,,,,,,,,,0.203413,1
614,,,,,,,,,,,,,,,,,,,,0.20008,1
615,,,,,,,,,,,,,,,,,,,,0.203413,1
616,,,,,,,,,,,,,,,,,,,,0.20008,1
617,,,,,,,,,,,,,,,,,,,,0.203413,1
618,,,,,,,,,,,,,,,,,,,,0.20008,1
619,,,,,,,,,,,,,,,,,,,,0.203413,1
620,,,,,,,,,,,,,,,,,,,,0.20008,1
621,,,,,,,,,,,,,,,,,,,,0.203413,1
622,,,,,,,,,,,,,,,,,,,,0.20008,1
623,,,,,,,,,,,,,,,,,,,,0.203413,1
624,,,,,,,,,,,,,,,,,,,,0.20008,1
625,,,,,,,,,,,,,,,,,,,,0.203413,1
626,,,,,,,,,,,,,,,,,,,,0.20008,1
627,,,,,,,,,,,,,,,,,,,,0.203413,1
628,,,,,,,,,,,,,,,,,,,,0.20008,1
629,,,,,,,,,,,,,,,,,,,,0.203413,1
630,,,,,,,,,,,,,,,,,,,,0.20008,1
631,,,,,,,,,,,,,,,,,,,,0.203413,1
632,,,,,,,,,,,,,,,,,,,,0.20008,1
633,,,,,,,,,,,,,,,,,,,,0.203413,1
634,,,,,,,,,,,,,,,,,,,,0.20008,1
635,,,,,,,,,,,,,,,,,,,,0.203413,1
636,,,,,,,,,,,,,,,,,,,,0.20008,1
637,,,,,,,,,,,,,,,,,,,,0.203413,1
638,,,,,,,,,,,,,,,,,,,,0.20008,1
639,,,,,,,,,,,,,,,,,,,,0.203413,1
640,,,,,,,,,,,,,,,,,,,,0.20008,1
641,,,,,,,,,,,,,,,,,,,,0.203413,1
642,,,,,,,,,,,,,,,,,,,,0.20008,1
643,,,,,,,,,,,,,,,,,,,,0.203413,1
644,,,,,,,,,,,,,,,,,,,,0.20008,1
645,,,,,,,,,,,,,,,,,,,,0.203413,1
646,,,,,,,,,,,,,,,,,,,,0.20008,1
647,,,,,,,,,,,,,,,,,,,,0.203413,1
648,,,,,,,,,,,,,,,,,,,,0.20008,1
649,,,,,,,,,,,,,,,,,,,,0.203413,1
650,,,,,,,,,,,,,,,,,,,,0.20008,1
651,,,,,,,,,,,,,,,,,,,,0.203413,1
652,,,,,,,,,,,,,,,,,,,,0.20008,1
653,,,,,,,,,,,,,,,,,,,,0.203413,1
654,,,,,,,,,,,,,,,,,,,,0.20008,1
655,,,,,,,,,,,,,,,,,,,,0.203413,1
656,,,,,,,,,,,,,,,,,,,,0.20008,1
657,,,,,,,,,,,,,,,,,,,,0.203413,1
658,,,,,,,,,,,,,,,,,,,,0.20008,1
659,,,,,,,,,,,,,,,,,,,,0.203413,1
660,,,,,,,,,,,,,,,,,,,,0.20008,1
661,,,,,,,,,,,,,,,,,,,,0.203413,1
662,,,,,,,,,,,,,,,,,,,,0.20008,1
663,,,,,,,,,,,,,,,,,,,,0.203413,1
664,,,,,,,,,,,,,,,,,,,,0.20008,1
665,,,,,,,,,,,,,,,,,,,,0.203413,1
666,,,,,,,,,,,,,,,,,,,,0.20008,1
667,,,,,,,,,,,,,,,,,,,,0.203413,1
668,,,,,,,,,,,,,,,,,,,,0.20008,1
669,,,,,,,,,,,,,,,,,,,,0.203413,1
670,,,,,,,,,,,,,,,,,,,,0.20008,1
671,,,,,,,,,,,,,,,,,,,,0.203413,1
672,,,,,,,,,,,,,,,,,,,,0.20008,1
673,,,,,,,,,,,,,,,,,,,,0.203413,1
674,,,,,,,,,,,,,,,,,,,,0.20008,1
675,,,,,,,,,,,,,,,,,,,,0.203413,1
676,,,,,,,,,,,,,,,,,,,,0.20008,1
677,,,,,,,,,,,,,,,,,,,,0.203413,1
678,,,,,,,,,,,,,,,,,,,,0.20008,1
679,,,,,,,,,,,,,,,,,,,,0.203413,1
680,,,,,,,,,,,,,,,,,,,,0.20008,1
681,,,,,,,,,,,,,,,,,,,,0.203413,1
682,,,,,,,,,,,,,,,,,,,,0.20008,1
683,,,,,,,,,,,,,,,,,,,,0.203413,1
684,,,,,,,,,,,,,,,,,,,,0.20008,1
685,,,,,,,,,,,,,,,,,,,,0.203413,1
686,,,,,,,,,,,,,,,,,,,,0.20008,1
687,,,,,,,,,,,,,,,,,,,,0.203413,1
688,,,,,,,,,,,,,,,,,,,,0.20008,1
689,,,,,,,,,,,,,,,,,,,,0.203413,1
690,,,,,,,,,,,,,,,,,,,,0.20008,1
691,,,,,,,,,,,,,,,,,,,,0.203413,1
692,,,,,,,,,,,,,,,,,,,,0.20008,1
693,,,,,,,,,,,,,,,,,,,,0.203413,1
694,,,,,,,,,,,,,,,,,,,,0.20008,1
695,,,,,,,,,,,,,,,,,,,,0.203413,1
696,,,,,,,,,,,,,,,,,,,,0.20008,1
697,,,,,,,,,,,,,,,,,,,,0.203413,1
698,,,,,,,,,,,,,,,,,,,,0.20008,1
699,,,,,,,,,,,,,,,,,,,,0.203413,1
700,,,,,,,,,,,,,,,,,,,,0.20008,1
701,,,,,,,,,,,,,,,,,,,,0.203413,1
702,,,,,,,,,,,,,,,,,,,,0.20008,1
703,,,,,,,,,,,,,,,,,,,,0.203413,1
704,,,,,,,,,,,,,,,,,,,,0.20008,1
705,,,,,,,,,,,,,,,,,,,,0.203413,1
706,,,,,,,,,,,,,,,,,,,,0.20008,1
707,,,,,,,,,,,,,,,,,,,,0.203413,1
708,,,,,,,,,,,,,,,,,,,,0.20008,1
709,,,,,,,,,,,,,,,,,,,,0.203413,1
710,,,,,,,,,,,,,,,,,,,,0.20008,1
711,,,,,,,,,,,,,,,,,,,,0.203413,1
712,,,,,,,,,,,,,,,,,,,,0.20008,1
713,,,,,,,,,,,,,,,,,,,,0.203413,1
714,,,,,,,,,,,,,,,,,,,,0.20008,1
715,,,,,,,,,,,,,,,,,,,,0.203413,1
716,,,,,,,,,,,,,,,,,,,,0.20008,1
717,,,,,,,,,,,,,,,,,,,,0.203413,1
718,,,,,,,,,,,,,,,,,,,,0.20008,1
719,,,,,,,,,,,,,,,,,,,,0.203413,1
720,,,,,,,,,,,,,,,,,,,,0.20008,1
721,,,,,,,,,,,,,,,,,,,,0.203413,1
722,,,,,,,,,,,,,,,,,,,,0.20008,1
723,,,,,,,,,,,,,,,,,,,,0.203413,1
724,,,,,,,,,,,,,,,,,,,,0.20008,1
725,,,,,,,,,,,,,,,,,,,,0.203413,1
726,,,,,,,,,,,,,,,,,,,,0.20008,1
727,,,,,,,,,,,,,,,,,,,,0.203413,1
728,,,,,,,,,,,,,,,,,,,,0.20008,1
729,,,,,,,,,,,,,,,,,,,,0.203413,1
730,,,,,,,,,,,,,,,,,,,,0.20008,1
731,,,,,,,,,,,,,,,,,,,,0.203413,1
732,,,,,,,,,,,,,,,,,,,,0.20008,1
733,,,,,,,,,,,,,,,,,,,,0.203413,1
734,,,,,,,,,,,,,,,,,,,,0.20008,1
735,,,,,,,,,,,,,,,,,,,,0.203413,1
736,,,,,,,,,,,,,,,,,,,,0.20008,1
737,,,,,,,,,,,,,,,,,,,,0.203413,1
738,,,,,,,,,,,,,,,,,,,,0.20008,1
739,,,,,,,,,,,,,,,,,,,,0.203413,1
740,,,,,,,,,,,,,,,,,,,,0.20008,1
741,,,,,,,,,,,,,,,,,,,,0.203413,1
742,,,,,,,,,,,,,,,,,,,,0.20008,1
743,,,,,,,,,,,,,,,,,,,,0.203413,1
744,,,,,,,,,,,,,,,,,,,,0.20008,1
745,,,,,,,,,,,,,,,,,,,,0.203413,1
746,,,,,,,,,,,,,,,,,,,,0.20008,1
747,,,,,,,,,,,,,,,,,,,,0.203413,1
748,,,,,,,,,,,,,,,,,,,,0.20008,1
749,,,,,,,,,,,,,,,,,,,,0.203413,1
750,,,,,,,,,,,,,,,,,,,,0.20008,1
751,,,,,,,,,,,,,,,,,,,,0.203413,1
752,,,,,,,,,,,,,,,,,,,,0.20008,1
753,,,,,,,,,,,,,,,,,,,,0.203413,1
754,,,,,,,,,,,,,,,,,,,,0.20008,1
755,,,,,,,,,,,,,,,,,,,,0.203413,1
756,,,,,,,,,,,,,,,,,,,,0.20008,1
757,,,,,,,,,,,,,,,,,,,,0.203413,1
758,,,,,,,,,,,,,,,,,,,,0.20008,1
759,,,,,,,,,,,,,,,,,,,,0.203413,1
760,,,,,,,,,,,,,,,,,,,,0.20008,1
761,,,,,,,,,,,,,,,,,,,,0.203413,1
762,,,,,,,,,,,,,,,,,,,,0.20008,1
763,,,,,,,,,,,,,,,,,,,,0.203413,1
764,,,,,,,,,,,,,,,,,,,,0.20008,1
765,,,,,,,,,,,,,,,,,,,,0.203413,1
766,,,,,,,,,,,,,,,,,,,,0.20008,1
767,,,,,,,,,,,,,,,,,,,,0.203413,1
768,,,,,,,,,,,,,,,,,,,,0.20008,1
769,,,,,,,,,,,,,,,,,,,,0.203413,1
770,,,,,,,,,,,,,,,,,,,,0.20008,1
771,,,,,,,,,,,,,,,,,,,,0.203413,1
772,,,,,,,,,,,,,,,,,,,,0.20008,1
773,,,,,,,,,,,,,,,,,,,,0.203413,1
774,,,,,,,,,,,,,,,,,,,,0.20008,1
775,,,,,,,,,,,,,,,,,,,,0.203413,1
776,,,,,,,,,,,,,,,,,,,,0.20008,1
777,,,,,,,,,,,,,,,,,,,,0.203413,1
778,,,,,,,,,,,,,,,,,,,,0.20008,1
779,,,,,,,,,,,,,,,,,,,,0.203413,1
780,,,,,,,,,,,,,,,,,,,,0.20008,1
781,,,,,,,,,,,,,,,,,,,,0.203413,1
782,,,,,,,,,,,,,,,,,,,,0.20008,1
783,,,,,,,,,,,,,,,,,,,,0.203413,1
784,,,,,,,,,,,,,,,,,,,,0.20008,1
785,,,,,,,,,,,,,,,,,,,,0.203413,1
786,,,,,,,,,,,,,,,,,,,,0.20008,1
787,,,,,,,,,,,,,,,,,,,,0.203413,1
788,,,,,,,,,,,,,,,,,,,,0.20008,1
789,,,,,,,,,,,,,,,,,,,,0.203413,1
790,,,,,,,,,,,,,,,,,,,,0.20008,1
791,,,,,,,,,,,,,,,,,,,,0.203413,1
792,,,,,,,,,,,,,,,,,,,,0.20008,1
793,,,,,,,,,,,,,,,,,,,,0.203413,1
794,,,,,,,,,,,,,,,,,,,,0.20008,1
795,,,,,,,,,,,,,,,,,,,,0.203413,1
796,,,,,,,,,,,,,,,,,,,,0.20008,1
797,,,,,,,,,,,,,,,,,,,,0.203413,1
798,,,,,,,,,,,,,,,,,,,,0.20008,1
799,,,,,,,,,,,,,,,,,,,,0.203413,1
800,,,,,,,,,,,,,,,,,,,,0.20008,1
